protein_id,protein_mw,protein_concentration
A0AVT1,117970,59316.2324865627
A0FGR8,102357,84069.5198908573
A0MZ66,71640,50108.2676843329
A1L0T0,67868,63233.7113440328
A2RRP1,268571,45351.8260266052
A3KMH1,214824,166280.404904867
A5A3E0,121445,436393.422196531
A5YKK6,266939,68464.5655153728
A6NDG6,34006,75136.641589839
A6NDU8,33620,37413.0650839637
A6NED2,40079,15666.8254654524
A6NHR9,226374,41634.2544135156
A6NIH7,28137,47568.3591674512
A8MXV4,42233,69923.9168738368
C9JLW8,10920,59722.4751418389
O00115,39581,57460.5958837396
O00116,72912,58810.4584417335
O00139,79955,55099.7993376987
O00148,49130,55562.4285530236
O00151,36072,145692.378984212
O00154,41796,207727.283141839
O00161,23354,31423.7280511435
O00165,31621,55585.9805905199
O00170,37636,122078.750970237
O00178,72454,43931.7267722853
O00186,67764,51887.4121562668
O00203,121320,77311.5623592443
O00217,23705,96982.9453115309
O00231,47464,120365.521239418
O00232,52904,118422.446188616
O00233,24682,70979.2562063521
O00244,7402,19214.4831079009
O00264,21671,259475.334418645
O00267,121000,80992.6129959301
O00273,36522,130275.423919977
O00299,26923,221576.793505531
O00303,37564,159651.531373884
O00330,54122,43204.2616289635
O00400,60909,27016.5005429877
O00401,54827,59524.307731118
O00410,123630,239396.132317
O00411,138620,19756.7084012062
O00429,81877,129003.554017264
O00442,39337,61877.9248306785
O00461,81880,36824.943156346
O00469,84686,47155.5634991336
O00471,81853,91452.0566552424
O00483,9370,123385.290726459
O00487,34577,101562.798637586
O00505,57811,69780.2126556422
O00541,68003,46204.4907097386
O00560,32444,46906.4665881723
O00567,66050,28678.4103993877
O00571,73243,76471.0699224837
O00584,29481,41533.533596798
O00592,58635,64558.4392271368
O00743,35144,31106.7968819706
O00746,20659,48229.685809359
O00754,113744,32309.0563989881
O00762,19652,59058.895673395
O00764,35102,54289.4767466289
O00767,41523,61097.1753667927
O14497,242045,30147.3161719221
O14530,26534,48137.9355016765
O14531,61878,33129.9723173024
O14545,64841,26703.1100376747
O14548,12615,62809.3065133024
O14561,17417,101568.44112943
O14562,33382,41692.0390319282
O14579,34482,99849.2290997186
O14617,130158,76407.9080119153
O14618,29041,61479.5160895031
O14653,24775,23924.242727175
O14654,133768,173596.887702481
O14656,37809,40530.2035917707
O14657,37979,24082.8485094186
O14662,37031,29664.9869949769
O14672,84142,30022.7734622966
O14735,23539,73613.9201725789
O14737,14285,301005.066312122
O14744,72684,114062.327639143
O14745,38868,71963.1072892549
O14763,47878,29553.2387210599
O14773,61248,51899.8635518424
O14776,123901,99234.9532750207
O14777,73913,35284.0398702504
O14787,101388,45915.0770876419
O14802,155641,30620.1157937094
O14818,27887,233628.236550478
O14828,38287,121672.852125335
O14880,16516,50106.4894175109
O14908,36049,43105.3895599695
O14929,49513,80513.8047007201
O14936,105123,39761.4511654066
O14964,86192,71510.3075156158
O14974,115281,56975.7408409782
O14975,70312,34175.6576669109
O14979,46438,56667.5129172824
O14980,123386,145498.600651142
O14981,206887,31201.9244277799
O15027,233517,43468.1727373266
O15031,205127,50042.0992816761
O15042,118292,41480.6451041852
O15067,144734,122457.672695116
O15075,82224,27715.5229612936
O15091,67315,29212.5759551708
O15111,84640,17805.3199182385
O15116,15179,58643.1541476862
O15118,142167,37224.3713454567
O15121,37866,50332.6619819473
O15126,37920,68418.6840574233
O15127,36649,94088.8670491982
O15143,40950,44767.5623304514
O15144,34333,79924.8552842095
O15145,20547,106265.639109722
O15155,13289,30588.5420916046
O15160,39250,70253.899540179
O15173,23818,108894.530462189
O15212,14583,157048.048273084
O15228,77188,40329.2099125384
O15260,30394,181044.544606835
O15269,52744,41434.633348226
O15270,62924,25046.575398374
O15294,116925,58058.6052572466
O15305,28082,49888.9961877126
O15347,22980,154074.268430426
O15355,59272,119871.806255809
O15357,138599,21665.0689708347
O15371,63973,149187.82117826
O15372,39930,116417.00638621
O15382,44288,78845.7612684098
O15397,119938,57813.5134666538
O15400,29816,105987.862280876
O15439,149527,41423.5107983995
O15460,60902,31426.2960386982
O15498,22418,61715.9334949399
O15511,16320,100328.664000372
O15514,16311,45736.7296392706
O15533,47626,46710.6138611066
O43143,90933,97815.368078559
O43148,54844,55820.2614744493
O43169,16332,122380.578164316
O43172,58449,47637.3224915188
O43175,56651,387483.899424869
O43237,54099,60592.7215490711
O43242,60978,135214.88471148
O43252,70833,74865.1110314195
O43264,88829,44706.5510678635
O43290,90255,32547.4554752798
O43301,74978,26187.4879235518
O43324,19811,111239.945971496
O43379,165954,35283.4267140733
O43390,70943,82862.6768529224
O43395,77529,49350.9427141066
O43396,32251,102081.120556782
O43399,22238,150449.51868632
O43402,23773,67202.4439235003
O43414,37238,53739.7266344169
O43432,176652,52123.7864597171
O43447,19208,86788.2803810088
O43464,48841,46924.3548348698
O43488,39589,122398.2941468
O43491,112588,122545.222734084
O43502,42190,26308.8466439365
O43504,9614,58628.7858743558
O43505,47119,25138.7672935706
O43583,22092,136628.243389089
O43592,109964,92462.3079239547
O43598,19108,149104.772754217
O43615,51356,116302.193328742
O43617,20274,98351.2501668319
O43633,25104,74907.8666139897
O43670,50751,152160.681838147
O43674,21750,62314.6269501967
O43676,11402,73461.5124952362
O43678,10922,90824.1717932832
O43681,38793,93864.0001779093
O43684,37155,147258.190456172
O43707,104854,231333.768167879
O43708,24212,26697.8593035634
O43716,15086,44854.1862710638
O43719,85853,63493.7370407484
O43747,91351,66781.5502657537
O43752,29176,31813.1134224855
O43759,25456,64292.5583628462
O43765,34063,118910.214648252
O43768,13389,56684.1084968792
O43776,62943,147685.724919439
O43795,131985,28251.5239710343
O43805,13596,44521.4549317825
O43808,34567,43317.9289823093
O43809,26227,130765.536398393
O43813,45283,92987.7070207114
O43815,86132,43092.9298275729
O43819,29810,58222.5537245221
O43837,42184,87181.7357139983
O43847,131572,73788.1650578246
O43852,37107,244737.083951215
O43865,58951,127520.299533194
O43913,50283,31979.2624361824
O43920,12518,68502.5813139294
O43929,50377,32569.8225665164
O60220,10998,59992.2536318668
O60231,119264,45835.149586323
O60232,21474,60567.6530941592
O60256,40926,63911.3237064124
O60271,146205,69729.6856708729
O60282,109495,25394.0521038703
O60313,111631,62806.3801220973
O60341,92903,52438.1758010503
O60343,146563,48837.6807066047
O60488,79188,51125.9677406604
O60493,18762,97610.1881124792
O60502,102915,60455.4542754132
O60506,69603,128319.59463372
O60547,41950,51994.5255503218
O60568,84785,87312.7308897339
O60610,141347,71770.4667105881
O60645,86845,47283.3736703862
O60664,47075,48811.9884652268
O60678,59876,59511.3530155477
O60684,60030,101828.66672505
O60701,55024,53076.890820153
O60716,108170,44652.5806478161
O60725,31938,58387.3233129927
O60749,58471,105672.504869249
O60762,29634,89214.6795347238
O60763,107895,74669.0996684376
O60783,15139,63510.4096077684
O60826,70756,55099.7993376987
O60828,30472,78731.0498363788
O60830,18273,38965.1421564766
O60831,19258,75834.2902998799
O60832,57674,20302.7625286559
O60841,138827,87496.1072551224
O60869,16369,106352.978873643
O60884,45746,123422.596440721
O60885,152219,45697.6332419328
O60888,19116,140008.990832091
O60925,14210,115197.584467499
O75027,82641,51756.3374708853
O75044,120881,28831.8088846664
O75054,135196,19153.8334667153
O75083,66194,117058.471312743
O75116,160900,20556.1374387735
O75122,141133,31163.9301816357
O75127,78856,24214.2293023758
O75131,60131,115302.357640776
O75146,119388,19581.4499249638
O75150,113650,61666.6481337072
O75153,146670,65993.0277223312
O75175,81872,41391.2870661972
O75179,274258,30362.3899855154
O75208,35509,53065.7665405433
O75223,21008,71750.2661026702
O75251,23564,70854.3838681839
O75306,52546,115319.986484464
O75312,50925,43876.6304625674
O75323,33743,113054.569210261
O75340,21868,100186.333968044
O75347,12855,294168.178192865
O75348,13758,61481.3196648232
O75351,49302,51794.7786257266
O75352,26638,78839.8192984223
O75368,12774,45406.9442710679
O75369,278164,110185.505167438
O75380,13712,56567.3904810993
O75381,41237,57744.6121722994
O75390,51712,392225.570721319
O75396,24593,152288.367482246
O75400,108805,45086.5904867338
O75410,87794,25412.6800714213
O75431,29763,94303.4208287027
O75436,38170,97241.6895446312
O75438,6961,67826.7852572676
O75439,54366,128314.697014305
O75475,60103,106323.297102871
O75489,30242,152193.179349988
O75496,23565,51837.7701565254
O75521,43585,87159.1818253751
O75531,10059,142970.770419492
O75533,145830,102038.212853188
O75534,88885,120954.463813448
O75554,42507,34831.6043118431
O75607,19344,63996.5506838225
O75608,24670,103946.875473854
O75616,48350,49394.945176439
O75643,244508,86976.3812880184
O75663,31444,81519.2688355103
O75674,52989,35709.7782230358
O75683,41450,84820.0613211302
O75688,52643,32058.0685653218
O75694,155199,89138.5724747766
O75695,39641,29735.8932945492
O75717,125967,35261.1458372017
O75718,46562,55135.4144774694
O75787,39008,101647.691563192
O75792,33395,113881.113015901
O75794,39135,63573.1994184127
O75821,35611,117347.34793328
O75822,29062,119429.442576968
O75828,30850,66437.8436432162
O75832,24428,40808.3857458545
O75844,54813,106864.835463105
O75874,46659,94851.9364381553
O75880,33814,112556.510234129
O75884,21000,62297.9912200203
O75909,64240,62036.8072951644
O75915,21615,92793.6753617104
O75935,21119,85911.9619718056
O75937,29842,140990.262228463
O75940,26711,63935.2176337107
O75947,18491,193910.751451312
O75964,11428,131977.109559937
O75976,152931,80845.2941503362
O76003,37432,218166.242324671
O76021,54973,57725.7846817583
O76031,69224,101995.432107941
O76041,116453,36306.6564105444
O76071,37840,71935.533723075
O76094,74606,65043.0526845828
O94760,31122,106360.365825644
O94763,59832,29707.0136514468
O94766,37122,41156.9817601892
O94776,75023,79245.1003865
O94788,56724,81787.946903213
O94822,200552,31903.1445724175
O94826,67455,120640.185221195
O94874,89595,80226.6259131802
O94888,54862,60752.2715969542
O94903,30344,65446.2848577193
O94905,37840,98458.9947307813
O94906,106925,97872.9078326189
O94925,73461,81712.0962700168
O94927,71682,32172.6357389108
O94966,145651,25646.9306384271
O94973,103960,34496.7227836309
O94979,133015,68452.624941006
O94992,40623,46577.0573113803
O95071,309352,104798.229485671
O95140,86402,43560.3256067066
O95155,146185,40339.6760225709
O95163,150254,61173.0950312859
O95167,9279,78581.468740654
O95168,15209,67859.8973722324
O95169,21766,84528.6590495751
O95182,12551,29672.8687921329
O95202,83354,93751.9719376888
O95218,37404,99533.341211132
O95219,51909,27215.7167648663
O95232,51466,77017.0096821773
O95239,139881,42173.3651482048
O95292,27228,122256.537772369
O95297,29082,65784.3797906457
O95298,14188,56890.8836271031
O95299,40751,55032.9963114121
O95302,63084,48651.9648360615
O95319,54285,49816.6524747997
O95336,27547,154847.336544359
O95340,69501,46535.4957358582
O95347,135656,81074.3129171295
O95352,77960,33283.4378135964
O95372,24737,51394.8922310579
O95373,119517,133355.074085982
O95376,57819,21470.0132477753
O95394,59852,102287.513884749
O95400,37646,41508.6256820748
O95433,38274,146218.697733312
O95453,73451,46288.5686713521
O95456,32854,54237.1001451048
O95486,119749,51497.8377716722
O95551,40930,19090.4995358253
O95563,14279,68546.2420245002
O95571,27873,36229.0245999082
O95573,80420,88634.5960304712
O95630,48077,32530.5706117371
O95674,51418,49201.6475707937
O95721,28970,51928.9706406206
O95747,58022,51956.6689650908
O95749,34871,36875.5679429531
O95757,94512,104929.554875254
O95758,59690,42646.8337678093
O95777,10403,114876.896815638
O95782,107546,226382.31227618
O95793,63182,45712.0193084643
O95816,23772,86731.9329863996
O95817,61595,41084.2781167382
O95831,66901,165776.56643807
O95834,70679,33402.7916211367
O95861,33392,93173.514953008
O95864,52259,55374.2111658365
O95881,19206,199029.473903478
O95905,72758,19160.8654375668
O95983,32844,60206.6720993726
O95989,19471,38274.5907879074
O96000,20777,112421.052081273
O96005,76097,34229.2514136154
O96007,20944,43432.7955446688
O96008,37893,115972.523993571
O96011,28431,28701.2634280175
O96013,64072,71211.4171576889
O96017,60915,32086.3010988525
O96019,47461,72125.3829166699
O96033,9755,31935.4715663055
P00167,15330,102322.34320091
P00338,36689,681440.136794769
P00367,61398,200397.779371318
P00374,21453,98474.6355681934
P00387,34235,237086.48900715
P00390,56257,118610.22137001
P00403,25565,289214.247576489
P00441,15936,183657.344338513
P00491,32118,178377.587962102
P00492,24579,268708.035314003
P00505,47518,374988.287336629
P00558,44615,439178.235855321
P00568,21635,87924.7215241919
P00918,29246,115271.440708746
P00966,46530,92182.4107392034
P01023,163291,33307.907668109
P01034,15799,33714.6957004689
P01591,18099,55167.2549002678
P01833,83284,76732.8208621799
P01876,37655,65774.802488117
P02545,74139,127748.644184308
P02751,262625,57794.6948862713
P02765,39325,50217.4053506758
P02768,69367,668147.138631328
P02786,84871,85676.6625148062
P02788,78182,37862.4906713613
P03905,51581,27915.8800339746
P03915,67027,40320.2934870378
P04040,59756,79301.5754590401
P04062,59716,22631.1217416164
P04075,39420,796520.550348254
P04080,11140,141503.203110739
P04083,38714,55078.2203379696
P04179,24722,119047.989620675
P04181,48535,356649.528355654
P04183,25469,55630.6844357384
P04264,66039,162730.389508615
P04350,49586,250209.5439563
P04406,36053,1670105.58096551
P04439,40841,73719.9818443538
P04632,28316,126288.780960137
P04637,43653,14011.0295616117
P04792,22783,40621.8553168391
P04818,35716,104416.617181922
P04843,68569,231308.378493895
P04844,69284,142823.180398772
P04899,40451,23220.9519580012
P05023,112896,202876.350693422
P05026,35061,92632.0914794235
P05067,86943,36256.5267430795
P05091,56381,153648.62956926
P05141,32852,436892.431292372
P05165,80059,22333.1775899368
P05166,58216,41245.0041895782
P05198,36112,162911.968949623
P05386,11514,209069.838936581
P05387,11665,388241.05348255
P05388,34274,96110.3288316398
P05423,44396,31878.0396509885
P05455,46837,265717.665162807
P05556,88415,124431.637707152
P05783,48058,117779.62789707
P05787,53704,183789.013510359
P06132,40787,74527.5776159587
P06280,48767,123453.183787439
P06396,85698,22877.2935157679
P06454,12203,330843.442253334
P06493,34095,185499.016903334
P06576,56560,664059.685849872
P06730,25097,132597.195761677
P06733,47169,1226671.22811445
P06737,97149,68932.7395470111
P06744,63147,582728.811915255
P06748,32575,480120.028945323
P06753,32950,303820.235019541
P06865,60703,84343.3290837592
P07099,52949,127727.423921051
P07108,10044,67495.6262679591
P07195,36638,1060230.42789386
P07237,57116,363406.537876718
P07339,44552,149246.405417407
P07355,38604,186185.661227533
P07384,81890,70581.0951649085
P07437,49671,938758.630579132
P07602,58113,181094.847246105
P07686,63111,116170.522996695
P07737,15054,706847.547766478
P07741,19608,329007.348435552
P07814,170591,169862.815097387
P07858,37822,115058.509945558
P07900,84660,887830.119753921
P07919,10739,101082.730837131
P07942,198038,90563.9308829883
P07954,54637,104734.002189329
P08107,70052,1370282.39079333
P08133,75873,186403.198767675
P08195,67994,114920.64785396
P08237,85183,87199.4346125459
P08238,83264,767169.366489943
P08240,69811,74626.2898581259
P08243,64370,184098.713229329
P08397,39330,60796.0857659653
P08559,43296,135008.795606437
P08574,35422,176350.407414961
P08579,25486,79978.3328964716
P08581,155541,23629.259962931
P08621,51557,103068.437584747
P08670,53652,86297.2547332609
P08727,44106,109754.243676658
P08754,40532,51536.3553496934
P08758,35937,312749.796378761
P08865,32854,468768.622942564
P08962,25637,63532.7448879627
P09012,31280,82474.0217686034
P09104,47269,80116.8359921591
P09110,44292,68711.6756842021
P09132,16156,62723.4432001348
P09211,23356,165760.638870704
P09234,17394,43238.9587638863
P09429,24894,376168.838759699
P09455,15850,41797.1943674632
P09493,32709,58046.8636615655
P09496,27077,159104.174672531
P09497,25190,70656.8266463309
P09525,35883,60296.9150895658
P09543,47579,122812.458526954
P09622,54177,202134.558199203
P09651,38747,127187.24631179
P09661,28416,125957.893902337
P09669,8781,201992.328698747
P09874,113084,317079.519452311
P09884,165913,47528.778082682
P09936,24824,474464.211455349
P09960,69285,184504.681878945
P09972,39456,305544.291620647
P0CG12,51391,31714.6658501949
P10109,19393,48412.6184662068
P10155,60671,85339.2110309862
P10253,105324,46315.725011817
P10398,67585,39309.9702494379
P10515,68997,119291.842552539
P10586,212879,47081.9465772681
P10599,11737,351763.69529697
P10606,13696,231747.018643378
P10619,54466,29872.264941137
P10620,17599,59151.1618733228
P10644,42982,70388.5174288525
P10768,31463,222699.438500998
P10809,61055,842666.854200245
P11021,72333,421506.601125772
P11047,177603,64943.2929386879
P11142,70898,1052205.99193159
P11166,54084,71566.8152364884
P11171,97017,71035.6215912194
P11172,52222,74649.9730849701
P11177,39233,137770.953554718
P11182,53487,37091.4184252463
P11216,96696,51187.6971945791
P11233,23567,49544.0086725621
P11234,23409,29714.4534123785
P11279,44882,155799.620497779
P11310,46588,191164.120943873
P11387,90726,56617.8840116844
P11413,59257,99097.9713645016
P11441,17777,87822.271430045
P11498,129634,52229.8324807893
P11586,101559,291489.947637257
P11717,274375,50885.8232264504
P11766,39724,103802.805295393
P11802,33730,93412.5124745933
P11908,34769,65241.4294310808
P11940,70671,132916.587673193
P12004,28769,424402.070462882
P12081,57411,150481.012985256
P12235,33064,90193.8553759052
P12236,32866,236604.550378209
P12268,55805,207426.221251413
P12270,267293,101450.594686273
P12277,42644,1336936.38727605
P12429,36375,30872.6734722962
P12532,47037,159432.094070601
P12694,50471,48028.5753097165
P12814,103058,111785.209657926
P12931,59835,30229.5069086358
P12955,54548,107113.559112963
P12956,69843,298534.181407529
P13010,82705,321782.484963524
P13073,19577,315034.466040088
P13473,44961,188346.015795582
P13489,49973,144061.860670511
P13591,94574,43145.4020663421
P13639,95338,688053.02050213
P13645,58827,130128.125733235
P13647,62378,29777.0057031506
P13667,72932,264890.025031869
P13674,61049,70189.5079326108
P13693,19595,173574.298103565
P13796,70288,110421.094491031
P13797,70811,208148.842930591
P13798,81225,85969.3832968861
P13804,35080,197295.242400212
P13861,45518,60204.6881342521
P13984,28380,128753.718946249
P13995,37895,97924.9820073481
P14174,12476,1448574.20555772
P14314,59425,248081.136025107
P14324,48275,160993.069267992
P14406,9396,154878.927351498
P14550,36573,124986.662861217
P14618,57937,1208002.24023193
P14625,92469,737108.159911332
P14635,48337,36595.1770844355
P14735,117968,105070.093628038
P14854,10192,40105.2867606262
P14866,64133,89926.9711181944
P14868,57136,199818.244569638
P14923,81745,32695.0501306548
P14927,13530,141407.789828212
P15104,42064,82214.7089904942
P15121,35853,145109.570234696
P15151,45303,37017.2511171202
P15170,55756,107156.700506343
P15311,69413,181739.213409343
P15374,26183,76980.4216171375
P15531,17149,476433.099615466
P15586,62082,81935.1755908439
P15880,31324,304239.1392521
P15924,331774,50526.5327624473
P15927,29247,111995.937772813
P16152,30375,200760.189221554
P16278,76075,81559.7248369624
P16422,34932,49348.2591335575
P16435,76690,94715.7890430744
P16455,21646,37205.5611598545
P16615,114757,193598.431610001
P16930,46374,50732.6730939643
P16949,17303,447478.666582073
P16989,40090,117448.565621302
P17050,46565,47579.2507501511
P17096,11676,61950.6843000102
P17152,21541,70488.2490666034
P17174,46248,123243.73699517
P17301,129295,29441.1028915152
P17612,40590,42594.118724865
P17655,79995,97965.5976868875
P17812,66690,185557.827005315
P17844,69148,120649.721190359
P17858,85018,66308.6921499992
P17931,26152,170688.187956478
P17980,49204,174548.935477802
P17987,60344,313611.143033437
P18031,49967,78953.7256305674
P18085,20511,120680.836483136
P18124,29226,228713.172087673
P18206,123799,157460.756825487
P18615,43240,45486.4305459143
P18621,21397,230969.679087106
P18669,28804,454087.873365146
P18754,44969,119572.772023953
P18858,101736,54515.2936217758
P18859,12588,193626.303151716
P18887,69477,45182.6059376871
P19022,99809,33381.0655441365
P19174,148532,52982.4788497186
P19338,76614,396477.3959786
P19367,102486,158331.300408764
P19387,31441,45850.43953588
P19388,24551,77539.8860647548
P19404,27392,108891.394097352
P19525,62094,34331.7937250643
P19623,33825,221801.699874298
P19784,41213,57680.2187924129
P20020,138755,64663.5770916378
P20042,38388,93437.9264110699
P20073,52739,131229.437410721
P20290,22168,127153.086349334
P20338,24390,66340.1939529218
P20339,23659,75086.9709490349
P20340,23593,92280.3991160773
P20618,26489,246315.334839186
P20645,30993,110752.817551922
P20674,16762,350755.304203962
P20700,66408,67905.2978490338
P20810,76573,75858.5773222101
P20839,55406,82340.9016344223
P20933,37208,27620.5347813912
P21266,26560,59038.0695784206
P21281,56501,76766.152862165
P21283,43942,52389.6150778747
P21333,280739,186734.38044068
P21399,98399,53703.5740747271
P21796,30773,303637.229420056
P21912,31630,148913.922499895
P21926,25416,66836.7573034342
P21953,43122,34760.7008685123
P21964,30037,96992.5231786781
P22033,83134,75646.8293658642
P22059,89421,49020.6054168501
P22061,24636,203559.061500048
P22087,33784,58083.0918391857
P22102,107767,220610.695466666
P22234,47079,266761.722631035
P22307,58994,136689.624203989
P22314,117849,374504.640063079
P22570,53837,69731.8692359552
P22626,37430,157553.088700253
P22695,48443,145521.896729551
P22830,47862,53020.564633231
P23193,33970,111330.508187871
P23229,126606,44793.2218413729
P23246,76149,136841.476804385
P23258,51170,65215.4842245364
P23284,23743,365307.970923357
P23368,65444,145141.752606506
P23378,112730,49762.8131055904
P23381,53165,134664.475438657
P23396,26688,356364.016594719
P23443,59140,33732.5911536493
P23526,47716,398713.807241369
P23528,18502,428284.043908817
P23588,69151,149458.523964733
P23634,137920,41885.0618999853
P23786,73777,65850.1289976672
P23919,23819,126473.799407973
P23921,90070,98494.8991870982
P24534,24764,408852.181795071
P24539,28909,138775.581304828
P24666,18042,140888.576256548
P24752,45200,284389.095803601
P24928,217176,45496.4086464007
P24941,33930,86453.4148788819
P25098,79574,61668.777060287
P25205,90981,196803.86214869
P25325,33178,103591.483095874
P25398,14515,256173.022535285
P25440,88061,39961.4351573333
P25490,44713,32285.7709427643
P25685,38044,105687.580729711
P25705,59751,741146.418643089
P25786,29556,218012.285248151
P25787,25899,181268.674404533
P25788,28433,165968.755460373
P25789,29484,201535.821443727
P26038,67820,159766.255929095
P26196,54417,88085.1315021427
P26232,105313,52989.9577373032
P26358,183165,92328.5406649441
P26368,53501,202324.169842536
P26373,24261,216506.147889612
P26440,46319,98063.1570495584
P26583,24034,310838.823305283
P26599,57221,254517.01586475
P26639,83435,198450.211686497
P26640,140476,141550.782415308
P26641,50119,484792.611724439
P26885,15649,66034.3115046615
P27144,25268,103199.831530762
P27348,27764,263754.365472932
P27361,43136,60986.021925477
P27448,84489,15819.4215322311
P27635,24604,62288.5309008836
P27694,68138,68522.0572394591
P27695,35555,235394.915257585
P27707,30519,33483.7971756218
P27708,242984,164705.410051313
P27797,48142,474018.027658198
P27816,121005,131162.685527261
P27824,67568,465072.324254416
P28066,26411,224212.438526225
P28070,29204,150651.082979832
P28072,25358,191251.913815887
P28074,28480,115267.863330656
P28288,75476,85466.1409966294
P28331,79468,119016.201014941
P28340,123631,51607.3806504592
P28482,41390,108725.899982075
P28676,24010,40482.2180070074
P28838,56166,107121.188275803
P29083,49452,22963.8839306913
P29084,33044,17649.8089443159
P29144,138350,87190.8708074186
P29218,30189,87152.0440363929
P29317,108266,23182.5726437193
P29373,15693,66679.6552356955
P29401,67878,369542.26774933
P29692,31122,226426.880300907
P29966,31555,168265.330811374
P30038,61719,73632.5425791836
P30040,28993,203322.276591418
P30041,25035,549514.901993892
P30042,28170,186102.209877018
P30043,22119,118521.529369163
P30044,22086,207185.530298956
P30046,12712,187797.063315293
P30047,9698,40131.7020702948
P30048,27693,724300.376433974
P30049,17490,239216.766684829
P30050,17819,235914.277275971
P30084,31387,261091.611884523
P30085,22222,118229.240466882
P30086,21057,428095.211350281
P30101,56782,531729.790188617
P30153,65309,212455.286840582
P30154,66214,48101.2520915841
P30260,91867,41041.1703756978
P30405,22040,141170.677297567
P30419,56806,103042.257681405
P30519,36033,80506.144022188
P30520,50097,151521.155781898
P30533,41466,96925.743945774
P30566,54889,105851.508693727
P30622,162246,35076.5513962377
P30626,21676,148696.414883688
P30740,42742,93583.2747587198
P30825,67638,90696.6177072078
P30837,57206,88387.4337869611
P30876,133897,49817.0089499266
P31040,72692,140613.099211739
P31146,51026,14661.4770787251
P31150,50583,120678.578222275
P31153,43661,178748.949854776
P31323,46302,39908.5083182054
P31350,44878,72270.5998471567
P31689,44868,138010.84417638
P31930,52646,163539.192797947
P31937,35329,60652.407487839
P31939,64616,210308.553000335
P31942,36926,33562.6402337381
P31943,49229,119388.118780454
P31946,28082,336844.736741418
P31948,62639,408353.616993345
P31949,11740,99435.8147815354
P32119,21892,559486.335539637
P32321,20016,30931.2702078509
P32322,33361,42303.1508418373
P32969,21863,127173.730215259
P33121,77943,46343.4253076881
P33176,109685,124275.057620937
P33240,60959,69716.2717471026
P33316,26563,247445.540856635
P33552,9860,86470.0271645936
P33991,96558,161058.972268439
P33992,82286,161504.236523572
P33993,81308,175441.829277347
P34896,53083,82813.4426004903
P34897,55993,443777.208676012
P34931,70375,184609.404104768
P34932,94331,220228.015373885
P34949,46656,77566.2024303075
P35080,15046,77004.1146761032
P35219,32973,41136.2144950021
P35221,100071,118804.443260197
P35222,85497,46466.8044537393
P35232,29804,447308.160006904
P35237,42622,86890.6410402385
P35241,68564,120000.843165495
P35244,13569,118975.324998442
P35249,39682,99452.4782343927
P35250,39157,65837.0450677797
P35268,14787,213951.11037431
P35269,58240,63334.2076188051
P35270,28048,42073.729938742
P35520,60587,95726.6242696776
P35527,62064,129735.819274177
P35573,174764,23878.9183416965
P35579,226532,176309.825804426
P35580,228999,142737.038701428
P35606,102487,117557.608597822
P35610,64735,32130.6466029966
P35611,80955,96270.941207426
P35613,42200,346367.76398644
P35637,53426,132241.930483748
P35658,213620,57375.5182964969
P35659,42674,116567.391873136
P35749,227339,127494.276845537
P35813,42448,37221.5700675604
P35900,48487,80941.166411758
P35908,65433,73749.11911955
P35914,34360,70526.1386169894
P35998,48634,173448.513517886
P36404,20878,77534.5027351461
P36405,20456,89105.4620996471
P36507,44424,39709.7839002306
P36542,32996,138764.661495104
P36543,26145,101273.521327371
P36551,50152,107601.391971303
P36578,47697,246448.595943941
P36639,22520,41887.3531170311
P36776,106489,112759.447374443
P36871,61449,98472.05149783
P36873,36984,67639.3443043709
P36915,68661,53964.5554590955
P36957,48755,154853.47308834
P37108,14570,179864.631110116
P37198,53255,54071.2232848861
P37235,22313,34542.4923158364
P37268,48115,96895.3588255927
P37802,22391,378882.547013055
P37837,37540,262460.829216286
P37840,14460,44711.0164266744
P38117,27844,210267.087817656
P38159,42332,34853.3776343859
P38435,87561,23782.9087177723
P38571,45419,49602.5844048726
P38606,68304,145998.210193385
P38646,73680,616342.150575968
P38919,46871,134703.150820872
P39019,16060,256643.925495413
P39023,46109,108396.182419764
P39656,50801,195423.573925304
P39687,28585,363223.129040035
P39748,42593,210023.464636544
P40123,52824,23634.052503656
P40222,61891,87057.2321866047
P40227,58024,285639.722532533
P40429,23577,42318.3646105498
P40616,20418,76728.7665783815
P40763,88068,37178.1395538579
P40818,127523,46365.2507132861
P40855,32807,64225.536548901
P40925,36426,326139.272042459
P40926,35503,665442.093895692
P40937,38497,59084.2162787673
P40938,40556,66797.5748629066
P40939,83000,149920.505898604
P41091,51109,72423.8442193562
P41208,19738,51887.0613955581
P41214,64706,30839.4778049611
P41223,17000,39804.9090197251
P41227,26459,79017.1106793275
P41240,50704,77814.239607208
P41250,83166,104239.299329515
P41252,144498,156592.598159142
P41567,12732,40817.2597005335
P42126,32816,98100.4810287054
P42166,75492,98510.6737450573
P42167,50670,269323.937123711
P42224,87335,48947.7552732854
P42285,117805,66826.2883941966
P42345,288892,52629.4503018147
P42356,231319,41674.0564998214
P42566,98656,48566.2933966317
P42574,31608,85985.1714927897
P42677,9461,160313.385980687
P42684,128343,13832.1779577056
P42695,168891,29431.6590767184
P42704,157905,167100.196181102
P42765,41924,145803.429333876
P42771,16533,116516.763061451
P42785,55800,39403.1300791819
P42858,347603,16973.0603175879
P43003,59572,34978.982419544
P43034,46638,56469.2327394012
P43121,71607,26792.993890803
P43243,94623,81390.9588680489
P43246,104743,96544.6980541489
P43304,80853,70192.6191770938
P43307,32235,196650.503123905
P43378,68020,39131.4300001999
P43487,23310,343797.304515835
P43490,55521,172450.946941057
P43686,47366,240043.928681079
P43897,35391,97210.7968438082
P45877,22763,52323.557794702
P45880,31567,315495.202779774
P45954,47485,74132.8171600277
P45973,22225,49086.9585408847
P45974,95786,138258.177051947
P45985,44288,49441.7924870802
P46013,358694,22092.9931141134
P46060,63542,163656.829914512
P46063,73457,116098.423047155
P46087,89302,36899.6652909085
P46108,33831,46947.5325171346
P46109,33777,121403.622977858
P46199,81317,32190.0188108992
P46379,119409,110339.466935092
P46459,82594,135616.388462039
P46734,39318,35997.353856315
P46736,36072,30319.4237021777
P46776,16561,229796.568880999
P46777,34363,237528.723899023
P46778,18565,139870.226189721
P46779,15748,53650.2790053729
P46781,22591,292550.471159483
P46782,22876,326942.507919402
P46783,18898,323957.511268579
P46821,270634,98132.6241726403
P46926,32669,67045.9990775324
P46939,394466,22716.3798816559
P46940,189252,128622.123757286
P46977,80530,121973.0789634
P47755,32949,116094.091389054
P47756,31350,156506.378915122
P47897,87799,118220.89237137
P47914,17752,152712.53722189
P48047,23277,231869.600695187
P48147,80700,67687.6442409007
P48163,64150,87418.5545467499
P48426,46225,21914.2716320125
P48444,57210,92703.9822487519
P48449,83309,59741.0503160444
P48506,72766,38107.6239142198
P48507,30727,53617.7379206409
P48509,28295,62781.6662158191
P48556,39612,106423.937961587
P48634,228863,85986.4632033552
P48637,52385,95146.6108621625
P48643,59671,296346.114399315
P48735,50909,89994.6378059729
P48739,31540,97475.3091468539
P48960,91869,42810.5028319095
P49005,51289,104352.828429676
P49006,19529,194039.197922408
P49189,53802,122703.298677779
P49207,13293,151898.426781144
P49247,33269,30062.8584850154
P49257,57549,123976.681645307
P49321,85238,317472.415453326
P49327,273427,408073.454918457
P49354,44409,37553.9390602705
P49366,40971,38212.0369000787
P49368,60534,425690.622889631
P49406,33535,76989.4193220847
P49411,49542,387735.454575739
P49419,58487,215792.960978367
P49458,10112,167936.221155432
P49459,17315,53365.7983528311
P49588,106810,152725.335071717
P49589,85473,69411.5306913547
P49590,56888,50304.4346901019
P49591,58777,146380.955513338
P49593,49831,61189.5229358793
P49642,49902,61927.7973384927
P49643,58806,55989.1651578271
P49674,47315,18458.827527891
P49720,22949,139565.651475924
P49721,22836,216635.067007922
P49736,101896,137065.075003341
P49748,70390,54646.2761011255
P49755,24976,122982.10323626
P49756,100185,58004.5861095172
P49770,38990,43689.7731204313
P49773,13802,293156.732444656
P49790,153938,33570.145261576
P49792,358199,53382.4471396393
P49815,200608,24626.7295976701
P49821,50817,84757.7133241543
P49840,50981,44957.0820840104
P49841,46744,31920.3730744103
P49902,64970,26588.8710355295
P49903,42911,124165.789514995
P49915,76715,157285.515498997
P49916,112907,57739.5693333854
P49959,80593,50475.1228505124
P50213,39592,141297.974034085
P50225,34165,50797.4217175952
P50336,50765,41442.303381908
P50395,50663,280660.825317962
P50402,28994,118635.484928737
P50454,46441,180377.697048586
P50542,70865,41480.2617565972
P50570,98064,57295.1118784319
P50579,52892,42075.064106342
P50583,16829,43530.4314275087
P50747,80760,54168.8426084467
P50750,42778,63768.2088021948
P50851,319108,50808.0331208061
P50897,34193,86674.9987830751
P50914,23432,126917.061884562
P50990,59621,455569.597021072
P50991,57924,347201.896126961
P50995,54390,120821.819130512
P51003,82843,52573.6322870596
P51114,69721,29894.5329551372
P51116,74223,12347.2796089842
P51148,23483,152174.871231356
P51149,23490,287536.13496157
P51151,22838,43049.498369352
P51153,22774,48342.6530200924
P51398,45566,69784.8903456358
P51452,20478,63121.1451112781
P51553,42794,32953.7569399497
P51570,42272,96143.8328481364
P51571,18999,127647.92748977
P51572,27992,318911.728462608
P51580,28180,42886.5697855052
P51610,208732,104698.431590023
P51617,76537,31756.0200573455
P51648,54848,109964.035411904
P51649,57215,71476.0237052974
P51659,79686,157680.602313377
P51665,37025,129469.099015021
P51687,60283,23080.8298888227
P51784,109817,75907.5945210754
P51809,24935,66059.9692342537
P51812,83736,53005.2620620047
P51858,26788,228984.309207245
P51948,35823,17950.940796066
P51970,20105,113262.941142395
P51991,39595,78727.4826150698
P52209,53140,287330.054614947
P52272,77516,149664.072715467
P52292,57862,186712.013498305
P52294,60222,25574.5155675844
P52298,18001,43220.8572900572
P52306,66317,33894.7271744185
P52434,17143,41160.4425667174
P52565,23207,228236.767363905
P52594,58260,33716.3605527908
P52597,45672,164775.265447463
P52655,41514,67787.9886186149
P52701,152786,88781.7418146421
P52732,119159,70413.8440103335
P52758,14494,60173.2718943974
P52788,41268,116701.93560275
P52789,102380,102428.141887507
P52815,21348,221530.854949067
P52888,78840,65875.3365880891
P52907,32923,148677.013169667
P53004,33428,128228.486764726
P53007,34013,149214.80796568
P53041,56879,95698.0144147435
P53350,68255,29596.6432268338
P53365,37856,30862.7593676327
P53367,41738,56900.8594891667
P53384,34534,43663.2948093223
P53396,120839,282724.572906957
P53582,43215,54312.9018920466
P53597,36250,131414.815610991
P53609,42368,67289.4710591471
P53618,107142,123129.252701638
P53621,138346,119632.451522177
P53634,51854,106435.279123374
P53701,30602,44701.5273276169
P53985,53944,157532.773015935
P53990,39751,57474.4057437364
P53992,118325,66856.1072105069
P53999,14395,376931.904340215
P54105,26215,85359.3636448494
P54136,75379,159750.766656149
P54252,41781,21695.0728308447
P54577,59143,184017.858895543
P54578,56069,112989.027334227
P54652,70021,130469.123886876
P54687,42966,69953.8275167471
P54709,31513,176265.138572568
P54725,39609,112559.089761387
P54727,43171,178140.305632275
P54760,108270,18303.1517029601
P54802,82266,23482.9014782851
P54819,26478,318345.909144376
P54886,87302,241171.236189509
P54920,33233,67173.0028080721
P55010,49223,129505.089086481
P55011,131447,102868.815917506
P55036,40737,97624.654538326
P55039,40746,69329.0095132404
P55060,110417,390456.10700059
P55072,89322,326153.815690677
P55084,51294,133274.997156409
P55145,20700,71378.3871869868
P55196,206804,47327.0380057184
P55209,45374,277033.87252376
P55210,34277,38571.7619092655
P55212,33310,39128.8798874498
P55263,40545,127416.687263955
P55265,136066,20085.4576431211
P55327,24327,95789.0589970573
P55735,35541,63348.4664765829
P55769,14174,102094.79588295
P55786,103276,157329.558943449
P55789,23449,18375.4948495346
P55795,49264,42112.4139862012
P55809,56158,102287.513884749
P55884,92482,171136.870242611
P55957,21995,49197.1695228717
P56134,10918,168995.016834916
P56182,52839,35955.979812529
P56192,101116,130277.371221724
P56385,7933,166586.744701072
P56537,26599,142662.851115427
P56545,48945,66854.8384322391
P56556,17871,71654.4752359884
P57076,33224,38479.3887782097
P57088,27978,180496.195582824
P57105,15928,59952.8443571282
P57678,120037,40243.502293584
P57737,100605,44278.3551634434
P57740,106374,38854.8482817307
P58107,555621,72764.9159285028
P58546,12895,85773.5139408521
P59998,19667,109965.857859027
P60033,25809,77624.0560723945
P60174,30791,867577.614638758
P60228,52221,141016.445781708
P60468,9974,122505.815818102
P60510,35080,73803.7201394685
P60520,13667,49498.9866907151
P60604,18566,62070.4591730565
P60660,16930,231424.270452015
P60842,46154,380374.458520984
P60866,13373,307323.888542633
P60891,34834,111626.348351683
P60900,27399,135740.220011683
P60903,11203,88846.9199825477
P60953,21259,175106.664761984
P60981,18506,113629.635753336
P60983,16713,43514.2588533746
P61006,23668,67072.2944637721
P61009,20313,70075.9100162724
P61011,55705,86475.7552452989
P61019,23546,100969.372928405
P61020,23707,45807.1434654615
P61024,9660,38133.1927955864
P61026,22541,121888.115308199
P61081,20900,124847.317628133
P61086,22407,121487.469700046
P61088,17138,227542.683921989
P61106,23897,75424.4144083168
P61158,47371,107263.209188889
P61160,44761,147942.472803328
P61163,42614,150623.049660327
P61201,51597,92130.4685159398
P61221,67314,145654.4232602
P61247,29945,234551.269424057
P61289,29506,180292.119330976
P61313,24146,154379.766082981
P61353,15798,175591.26228948
P61421,40329,53878.5389171949
P61457,12000,158961.595586297
P61513,10275,27791.0610604832
P61599,20368,59364.1220631549
P61604,10932,1053566.70756676
P61619,52265,144789.107762329
P61626,16537,57806.7928241948
P61758,22658,133168.841672857
P61764,67569,32629.2978166105
P61769,13715,40297.4173379092
P61803,12497,160458.400237787
P61916,16570,59320.2238705623
P61923,20198,99448.0076606857
P61956,10871,87889.4385097197
P61960,9118,81414.4272565875
P61962,38926,71064.7264329068
P61964,36588,42251.4077753909
P61970,14478,157984.66435355
P61978,50976,595672.017644272
P61981,28303,171234.936776478
P62072,10333,51605.2715472507
P62081,22127,213317.615388085
P62136,37512,74699.4553329495
P62140,37187,60576.8893196894
P62158,16838,362376.249626308
P62166,21879,28812.0980655697
P62191,49185,132023.843735673
P62195,45626,123777.523123479
P62241,24205,247036.871407854
P62244,14840,222384.537244657
P62249,16445,224802.390631195
P62256,20655,29099.2596973079
P62258,29174,575494.544829278
P62263,16273,327537.330487881
P62266,15808,71613.428495694
P62269,17719,400421.915263448
P62277,17222,301665.923195725
P62280,18431,138467.321639193
P62304,10804,195324.301041832
P62306,9725,101395.616934933
P62310,11845,187145.869151175
P62312,9128,65302.9128311701
P62314,13282,74697.3305957998
P62316,13527,150127.644010902
P62318,13916,178742.72363865
P62330,20082,48575.6553781887
P62333,44173,129161.618481147
P62424,29996,147732.503726435
P62487,19294,34158.8898415905
P62495,49031,167891.983044149
P62633,19463,75371.7945761575
P62701,29598,189328.085359032
P62750,17695,227608.033739022
P62753,28681,259204.547727987
P62805,11367,125332.161225845
P62820,22678,78470.1761180017
P62826,24423,737544.810554551
P62829,14865,193328.785797123
P62834,20987,93172.4027684819
P62841,17040,227082.097782596
P62847,15423,123793.669134137
P62851,13742,403118.140482611
P62857,7841,356478.297488168
P62861,6648,223284.29231281
P62873,37377,92785.598820711
P62875,7645,47101.9953118196
P62879,37331,54134.0112214101
P62888,12784,76767.0536473074
P62899,14463,237526.230649208
P62906,24831,208882.983572565
P62910,15860,83319.7976634909
P62913,20252,184059.242795875
P62917,28025,202355.032555563
P62937,18012,947859.609328027
P62942,11951,189104.855614083
P62979,17965,74500.2327445533
P62993,25206,87887.7311245146
P63000,21450,133647.482277506
P63010,104553,131258.561282473
P63098,19300,41669.27339309
P63104,27745,508892.893547324
P63151,51692,98822.4236721994
P63165,11557,109186.317026885
P63173,8218,125907.811658405
P63208,18658,193574.302720734
P63218,7318,27113.6853430827
P63220,9111,332346.405742316
P63241,16832,112042.199311233
P63244,35077,280403.556088812
P63272,13193,63606.849803131
P63279,18007,149995.894293845
P67809,35924,170661.510180049
P67812,20625,93321.666460613
P67870,24942,94484.1876672171
P67936,28522,138726.914308404
P68036,17862,162397.991070787
P68402,25569,168278.74496706
P68871,15998,55393.0101420051
P69905,15258,66727.2774213842
P78310,40030,144615.751792744
P78318,39222,52609.2189873464
P78330,25008,136657.50214609
P78344,102362,84274.1865299563
P78347,112416,117138.207158162
P78371,57488,427445.429381968
P78406,40968,55636.6552438915
P78417,27566,283324.612894345
P78527,469089,262489.216876733
P78537,17263,33651.8236355979
P78540,38578,42924.3940984592
P80303,50196,62138.0677601302
P80404,56439,27092.1259019286
P80723,22693,101719.13025784
P81605,11284,56214.9621700764
P82650,41280,73761.6269145435
P82663,20116,46884.5589246625
P82664,22999,60393.0491869269
P82673,36844,62909.4215423052
P82675,48006,47912.0567604199
P82909,11466,61921.0940928528
P82914,29842,61851.1015423278
P82921,10742,33881.4353114684
P82930,25650,87985.5999660729
P82932,14227,77999.614185787
P82933,45835,57910.5921743333
P82970,31525,36749.3563615418
P82979,23671,97589.1693360652
P83436,86344,45740.7860528885
P83731,17779,161306.600300161
P83916,21418,38170.0475823442
P84085,20530,67474.1370994772
P84090,12259,34082.6689087224
P84095,21309,54975.7599228438
P84098,23466,180401.014182929
P84103,19330,157673.381396902
P98172,38007,38974.9662541449
P98175,103533,83524.3208283291
P98179,17170,53245.3801056923
P98194,100577,15036.0791161441
P99999,11749,110777.998875867
Q00013,52296,46193.4716324027
Q00059,29097,36175.6144171861
Q00169,31806,39217.1146991415
Q00325,40095,516458.042814048
Q00341,141456,93460.005145302
Q00534,36938,33807.8772688763
Q00535,33304,61965.8859268133
Q00577,34911,43601.8631184731
Q00587,40295,47530.2308307312
Q00610,191615,219846.455572707
Q00688,25177,181390.783650773
Q00765,21493,116683.118445293
Q00796,38325,109848.676145616
Q00839,90584,261874.738741396
Q01081,27872,126007.474939942
Q01082,274609,107469.138440264
Q01085,41591,72352.6945983653
Q01105,33489,593082.311070889
Q01433,100688,104084.746446696
Q01469,15164,181940.938191238
Q01518,51901,246152.547349849
Q01581,57294,104462.322942373
Q01650,55010,46955.5615210831
Q01658,19444,58170.2710694319
Q01780,100831,34663.397812652
Q01813,85596,129067.326514874
Q01844,68478,127203.956334035
Q01968,104205,30375.4053072575
Q02127,42867,31606.2759449927
Q02218,115935,59713.1866949062
Q02252,57840,88911.0877691065
Q02543,20762,71352.7333635362
Q02750,43439,81620.393911828
Q02790,51805,270394.137897793
Q02809,83550,64975.5370597696
Q02818,53879,66672.034433477
Q02878,32728,272168.570355154
Q02952,191482,101949.558946169
Q02978,34062,72569.89831669
Q03252,67689,167024.111658156
Q04206,60219,55107.3340713143
Q04323,33325,57629.2555075333
Q04637,175491,197427.557287066
Q04721,265405,31665.6099225644
Q04726,83417,59871.3438289309
Q04760,20778,486213.776901834
Q04837,17260,261352.203676445
Q04917,28219,151615.136014424
Q05048,48358,41972.8563393325
Q05086,100688,43435.2422078814
Q05519,53542,210040.985085582
Q05639,50470,224061.910028082
Q05682,93231,70393.334419134
Q05707,193515,34800.1672512938
Q06124,68436,80189.1505774507
Q06203,57399,163352.105074222
Q06210,78806,68471.7923036326
Q06265,48949,36444.3716401937
Q06323,28723,133195.14240967
Q06546,51295,45088.8157006325
Q06547,42483,27959.3798561581
Q06830,22110,1009256.90019338
Q07020,21634,197515.059810885
Q07021,31362,484659.812098283
Q07065,66022,147748.712832607
Q07666,48227,158592.768430787
Q07812,21184,76913.5255884781
Q07864,261518,26244.2876228695
Q07866,65310,89805.684401314
Q07955,27745,110535.436782533
Q07960,50436,46490.2556054982
Q08209,58688,52835.9472328877
Q08211,140958,104843.869142592
Q08257,35207,105087.324376211
Q08379,113086,23187.6430543502
Q08380,65331,112524.006180197
Q08426,79495,119047.737343416
Q08722,35214,55599.632132317
Q08752,40764,84211.0996249143
Q08945,81075,35358.6090228983
Q08J23,86471,138000.138303939
Q09028,47656,134999.915856202
Q09161,91839,46802.7343849265
Q09666,629101,92368.860266949
Q0VDF9,54794,76195.4115261777
Q0VDG4,48544,39392.1746390348
Q10471,64733,82324.2556134404
Q10567,104637,94136.0855275443
Q10570,160884,26052.0751876999
Q10713,58253,109689.750567712
Q12756,191064,47131.1510636
Q12765,46382,68845.2883864292
Q12769,162121,35531.0028226045
Q12789,238875,61618.4938477356
Q12792,40283,97357.0243348414
Q12797,85863,38694.3956391396
Q12824,44141,38340.2682850531
Q12849,53126,90767.1464906099
Q12872,104822,22280.2192315468
Q12874,58849,129483.861524558
Q12888,213574,46476.3320505049
Q12893,38197,47835.6435257216
Q12904,34353,144512.516210462
Q12905,43062,133660.734667438
Q12906,95338,99164.708566811
Q12907,40229,171903.11824292
Q12923,276906,43431.8545057918
Q12929,91882,26952.3916920038
Q12931,80110,229852.725669942
Q12948,56789,45033.1722685552
Q12959,100455,40763.6184700842
Q12972,38479,60282.8697966691
Q12996,82922,64856.3144180039
Q13011,35816,149117.461895758
Q13015,10061,31708.2689594426
Q13042,71656,42312.6597016916
Q13043,55630,25137.8320099487
Q13045,144751,39795.5564536162
Q13057,62329,69038.3118467326
Q13084,30157,53979.4042109181
Q13085,265554,46443.3486039851
Q13098,55537,108970.05375817
Q13112,61493,29619.4314355514
Q13123,65602,36641.900851471
Q13126,31236,85480.5274263419
Q13131,64009,60320.7065056463
Q13136,135779,23492.0294498008
Q13144,80380,45361.0759095936
Q13148,44740,134006.076855707
Q13151,30841,61287.7253080442
Q13153,60647,36439.1252893032
Q13155,35349,108367.378670866
Q13162,30540,205397.416059168
Q13177,58043,93562.734299906
Q13185,20811,125381.098905706
Q13200,100200,145616.230717093
Q13217,57580,66102.3516034541
Q13228,52391,69535.5518012709
Q13232,19015,64222.635940197
Q13242,25542,36330.0947301686
Q13243,31264,41824.326508416
Q13247,39587,66088.6502129581
Q13257,23510,92114.8277208566
Q13263,88550,310205.10892983
Q13283,52164,142134.643451761
Q13308,118392,71837.3747492016
Q13309,47761,39849.7113054572
Q13310,70783,90483.7754140319
Q13325,55847,28538.9166890903
Q13330,80786,38653.403476629
Q13347,36502,139807.391493482
Q13362,61061,34418.1161364279
Q13363,47535,52777.9513841187
Q13371,34282,39172.811075005
Q13395,181675,36260.1661121588
Q13404,16495,131195.699052442
Q13405,19198,50021.1031260256
Q13409,71457,92749.3902075178
Q13416,65972,47071.3740620458
Q13418,51419,36883.6010864701
Q13423,113896,136502.820537079
Q13425,57950,35467.7963908857
Q13426,38287,28476.6347949434
Q13428,152106,146860.338148093
Q13435,100228,129502.649207076
Q13438,75562,44949.098933414
Q13442,20630,99071.1086763341
Q13443,90556,14980.1266532468
Q13445,25206,45709.8061844201
Q13451,51212,80608.6552991234
Q13464,158175,45325.5522750671
Q13492,70755,55860.4625733286
Q13505,51477,78687.0496224281
Q13509,50433,156474.013546164
Q13510,44660,48718.1572012972
Q13526,18243,74377.4355390651
Q13547,55103,74979.4074880178
Q13561,44231,185363.810225895
Q13564,60246,75940.7682653419
Q13573,61494,40564.6309631469
Q13576,180578,64736.2015484659
Q13586,77423,42624.8407085427
Q13596,59070,54980.901882258
Q13616,89679,62995.1841233263
Q13617,86983,67932.4062777691
Q13618,88930,56648.8829280341
Q13619,87680,24885.2666566089
Q13620,103982,76360.6734251431
Q13630,35893,25435.4919494416
Q13636,21569,75434.3923880073
Q13637,24997,197046.204990532
Q13641,46032,44440.169500018
Q13642,36263,78745.3180802418
Q13685,46751,55456.5661132
Q13724,91918,77402.2654962577
Q13740,65102,59906.136022202
Q13813,284539,145658.96418234
Q13823,83655,67088.1330833597
Q13825,35609,34314.8495593339
Q13838,48991,97444.7190012482
Q13867,52562,117806.228649312
Q13868,32789,36587.1188699856
Q13895,49601,84114.4071391052
Q13907,26319,81821.031290062
Q13952,50302,75931.5706671305
Q14008,225495,77759.5788849077
Q14011,18648,55234.6777450691
Q14012,41337,41692.8041777759
Q14019,15945,105347.769807973
Q14103,38434,284949.114203948
Q14108,54290,74154.1275003907
Q14118,97441,33815.5685095594
Q14139,122561,41371.3340515797
Q14141,49717,38516.9012906738
Q14152,166569,152042.340151964
Q14155,90012,31868.0380480546
Q14157,114535,97875.6345019425
Q14160,174885,57725.4484544239
Q14165,32234,81070.6400612269
Q14166,74404,112261.773654377
Q14181,65948,51827.2429270869
Q14194,62184,52443.7643790472
Q14195,61963,85894.4454365039
Q14197,23630,69095.6135880107
Q14203,141695,95346.441084991
Q14204,532408,159951.632001993
Q14232,33712,77290.3023819119
Q14240,46402,82738.6950365853
Q14247,61586,155699.847121471
Q14249,32620,48958.165069999
Q14254,47064,46319.0273789452
Q14257,36876,107117.505258597
Q14258,70973,66512.2354609861
Q14315,291022,75420.4835452117
Q14318,44562,117508.924603182
Q14320,40242,74892.4029470733
Q14344,44050,55984.7408290048
Q14376,38282,59460.1875576109
Q14444,78366,83796.2263278467
Q14498,59380,95394.9265192911
Q14558,39394,37889.9132818825
Q14566,92889,137821.658533405
Q14573,304106,38564.6594025707
Q14651,70253,47213.4774255948
Q14671,126473,47006.4600321584
Q14676,226666,31262.6341781195
Q14677,68259,56558.0692501476
Q14683,143233,128534.771801485
Q14684,84428,34609.4538919185
Q14691,22988,23939.979012828
Q14694,87134,42472.2820249751
Q14696,26077,66740.9266270313
Q14697,106874,336468.15867918
Q14738,69992,77234.5962221609
Q14739,70703,290813.820718644
Q14789,376019,35523.4611754039
Q14790,55391,46880.9072524562
Q14839,218005,72442.4338245243
Q14847,29717,32261.208148305
Q14919,22350,84417.0756326663
Q14974,97170,339488.608977413
Q14978,73603,86993.811034406
Q14980,238260,28894.2281133907
Q14997,211334,27575.9221716234
Q14C86,164980,64993.3407931293
Q14CX7,112292,75271.0504281015
Q15003,82563,81907.6696625168
Q15004,11986,23226.2603204022
Q15005,25003,75154.8105196498
Q15006,34834,73024.6683062103
Q15008,45531,139659.431272909
Q15018,46901,34803.6608144542
Q15019,41487,88965.0424759928
Q15020,109935,68517.0314044974
Q15021,157182,71157.2731660933
Q15029,109436,88496.1508141978
Q15031,101976,44093.8582214705
Q15036,52901,26369.901579004
Q15042,110524,34154.7491349678
Q15043,54212,46939.8679595287
Q15046,68048,96100.9908208435
Q15054,51400,25484.8123405739
Q15056,27385,165457.678184381
Q15063,93314,94614.1111359036
Q15070,48548,45908.4492577382
Q15075,162466,83117.1116424571
Q15084,48121,461339.719420309
Q15102,25734,191324.853346781
Q15118,49244,43220.1029966935
Q15120,46939,37636.8488153488
Q15121,15040,43740.4585058078
Q15125,26353,92434.6959522606
Q15126,21995,44490.1409201126
Q15149,531791,86996.525378377
Q15165,39397,231604.070578358
Q15181,32660,349577.14493873
Q15185,18697,559544.486948159
Q15233,54232,190384.25637837
Q15257,40668,116409.370549505
Q15274,30846,51145.5479973974
Q15276,99290,25293.1339096213
Q15286,23025,45372.1747811787
Q15287,34208,55291.2945433214
Q15291,59153,27022.4082472758
Q15293,38890,160925.141049865
Q15334,115418,51577.4984968648
Q15345,88650,31754.315151836
Q15363,22761,134251.021851622
Q15365,37498,255263.920644758
Q15366,38580,348978.25486551
Q15369,12473,174797.455899957
Q15370,13133,173272.484669696
Q15382,20497,79407.0714201182
Q15386,123923,24721.1881301758
Q15388,16298,200296.619181575
Q15392,60101,74600.781508294
Q15393,135577,117597.158452564
Q15398,95115,27798.7002551493
Q15404,31540,71931.9904467925
Q15417,36414,107027.518792884
Q15418,82723,20992.9499812954
Q15427,44386,41571.8418949993
Q15428,49256,102738.8590029
Q15435,41564,93994.5404051324
Q15436,86161,62992.2611621132
Q15437,86479,60566.3335877398
Q15459,88886,150992.142477191
Q15477,137755,50932.8279969813
Q15526,33331,44673.427463083
Q15545,40259,18346.6241684117
Q15554,59594,14864.8037786296
Q15555,37031,82126.2991539912
Q15599,37414,33338.4326981971
Q15629,43072,38991.4685263261
Q15631,26183,110257.035180963
Q15637,68330,188703.786874593
Q15645,48551,98879.7300970508
Q15648,168478,32137.6463040006
Q15653,37771,23354.4800524706
Q15654,50288,46299.5787604296
Q15691,29999,275447.366461251
Q15717,36092,29572.0942889165
Q15738,41900,93658.2045089277
Q15750,54644,36230.64260235
Q15758,56598,269734.349498542
Q15773,28147,33017.5732069738
Q15785,34559,97467.1157314695
Q15813,59346,92134.797478375
Q15819,16363,126089.106447495
Q15833,66453,30502.4055306601
Q15843,9072,93852.9106404892
Q15904,52026,73355.9141872932
Q15942,61277,59139.173828825
Q16134,68495,46029.5313946623
Q16181,50680,92453.1042970366
Q16186,42153,65690.4983441321
Q16204,53291,79938.74310064
Q16222,58769,70293.3939107558
Q16512,103932,49899.6838452825
Q16513,112035,49959.1618793507
Q16527,20954,26971.0395073671
Q16531,126968,172985.253151073
Q16537,54699,22385.3516561412
Q16539,41293,44534.1271658973
Q16540,17781,74425.4697620778
Q16543,44468,154897.789707639
Q16555,62294,102662.886896255
Q16563,28565,109437.366143238
Q16576,47820,159612.459185499
Q16595,23135,48067.6309417915
Q16625,59144,46986.2127080484
Q16626,19905,41516.2902874645
Q16629,27367,71451.0016704193
Q16630,59210,104499.519447337
Q16637,31849,69286.7961181849
Q16643,71429,88425.4765862375
Q16656,53541,44838.2048772596
Q16658,54530,169762.462600446
Q16718,13459,110539.074175658
Q16740,30180,87310.7337278121
Q16762,33429,80921.1722379764
Q16763,23845,66716.8016980984
Q16774,21726,67954.1529599323
Q16775,33806,68018.4313527957
Q16795,42510,65380.3748241511
Q16822,70730,58701.9492705577
Q16836,34294,156732.183607082
Q16850,56806,98152.5072460528
Q16851,56940,61672.3797926697
Q16864,13370,63530.9646538481
Q16881,70906,81657.7536394088
Q16891,83678,125283.957612934
Q1KMD3,85105,20682.6132997296
Q27J81,135624,34852.1453263176
Q29RF7,150830,59326.8759403918
Q2NL82,91810,49500.7735868874
Q2T9J0,59309,44813.6708972576
Q2TAL8,86436,46805.4749641059
Q2TAY7,57544,44032.4783455873
Q32MZ4,89253,37067.3706170562
Q32P28,83394,47250.6149149071
Q3KQV9,57030,46060.6095935981
Q3LXA3,58947,78355.5447113037
Q3MHD2,21701,57993.1757860488
Q3SXM5,37002,38206.8882522181
Q3YEC7,79549,83166.2744589241
Q3ZAQ7,11354,184303.438750901
Q3ZCQ8,39646,191021.946166097
Q49AR2,49967,40872.8009837042
Q4G0F5,39155,27668.7203167417
Q4G0J3,66899,37126.6773562644
Q4G0N4,49433,64247.1283354467
Q4G148,50567,29099.7009557108
Q4G176,64130,35259.5103234179
Q4KMP7,87199,28938.0224179877
Q4V328,95990,32878.5419401215
Q4VC31,16620,66117.3262528075
Q52LJ0,37191,78022.1397504395
Q53EL6,51735,111281.926944447
Q53FT3,21628,38282.5061079935
Q53GG5,39232,20883.3324690808
Q53GQ0,34324,83299.4506668146
Q53GS9,65381,36087.3380911973
Q53H12,47137,99527.9240713071
Q53H82,32806,49603.6556564368
Q53H96,28649,32809.1491448416
Q53T59,42780,44071.2189850939
Q562R1,42003,1266821.74509321
Q567U6,73198,32521.7046659642
Q56VL3,16954,55434.700655448
Q587I9,21790,40846.1911922628
Q5BJH7,34435,45474.6035240566
Q5BKX5,37779,50163.381541472
Q5BKZ1,65654,20532.0721311027
Q5EBL4,47108,21656.3870936063
Q5F1R6,62028,23961.4309712312
Q5H9R7,97669,48817.7382440105
Q5HYI8,26423,50578.9849285637
Q5HYK3,37140,44448.1888039569
Q5J8M3,20087,52395.9045234341
Q5JPH6,58689,40481.8309347506
Q5JRA6,213702,59153.3262785912
Q5JRX3,117413,84177.8122779305
Q5JS54,13775,36063.2294375772
Q5JSH3,101366,35346.9680918871
Q5JTH9,143702,125096.016817989
Q5JTJ3,14116,55505.0678858578
Q5JTV8,66248,80688.154280165
Q5JTZ9,107340,67899.6234483424
Q5JVF3,46030,51082.9159900149
Q5PRF9,75483,43737.6432627301
Q5R372,92513,23564.5228461024
Q5RKV6,28235,52824.9769836676
Q5SQI0,46810,22384.1274662136
Q5SRE5,196043,43192.1904680911
Q5SSJ5,61207,50263.2364164794
Q5ST30,118490,31788.1933392561
Q5SW79,175293,32654.1718566513
Q5T0F9,94224,38008.8521729384
Q5T1M5,133630,20483.9078941562
Q5T440,38155,72381.5880721226
Q5T4S7,573841,86829.4591406433
Q5T6F2,117116,29323.9583989973
Q5T6V5,39029,50375.7896724751
Q5T8D3,60092,37679.8695295702
Q5T8P6,113597,61539.0229945942
Q5T9A4,72573,92766.3811013859
Q5TAQ9,66852,28951.7303782982
Q5TAX3,185166,22318.471938343
Q5TBB1,35139,48328.0417617705
Q5TC12,36437,96067.480876098
Q5TDH0,44523,67503.2100320981
Q5TFE4,51845,54705.0230097307
Q5U5X0,11955,69251.7668869503
Q5UCC4,27347,84356.2004222654
Q5VT52,156020,22446.5273320523
Q5VTR2,113662,41326.8097107762
Q5VV42,65111,45815.9882375785
Q5VW32,46476,60882.1951544516
Q5VW38,66990,24316.9035079108
Q5VWZ2,26316,65856.511028109
Q5VYK3,204291,67807.5457489676
Q5XKP0,13087,39511.4456535288
Q5ZPR3,57235,50951.907726923
Q63HN8,591407,46420.2546592878
Q66K74,112211,46666.3557617538
Q66PJ3,44915,62813.0457122114
Q68CQ4,87055,27871.0066766663
Q68D91,31372,27493.8322306614
Q68E01,118070,14799.6522276517
Q68EM7,95437,49161.1601365391
Q69YN2,60619,78225.4989327255
Q6DKJ4,48392,51668.8811222866
Q6DKK2,42457,54599.1917748277
Q6FI81,33582,114994.318876066
Q6FIF0,22555,30332.0122863205
Q6GMV2,47341,20832.4689378087
Q6GMV3,15805,83209.6096254346
Q6IAA8,17745,46462.4068398938
Q6IAN0,35119,39202.6103908373
Q6IBS0,39548,67593.5572184568
Q6IBW4,68227,25644.1469448099
Q6IN85,95368,55500.6282823211
Q6IQ22,27248,42200.7817666739
Q6IQ49,49742,25178.9714377653
Q6L8Q7,67352,61426.8752306464
Q6N069,101462,25989.1100001693
Q6NUK1,53354,60439.9379388029
Q6NUM9,66820,27334.3357370105
Q6NUQ4,77151,28187.6504229459
Q6NVY1,43482,65926.3782125898
Q6NW29,21251,38476.6241243349
Q6NXE6,54142,52172.4452542029
Q6NYC1,46462,45972.6863965039
Q6P1J9,60577,60220.228500047
Q6P1L8,15948,27367.3496664124
Q6P1M0,72064,38011.828712429
Q6P1N0,104062,46283.4302740988
Q6P1N9,33602,36838.2046973413
Q6P1X6,23889,35654.8396257667
Q6P2E9,151661,69891.8195989274
Q6P2Q9,273600,63750.1084549638
Q6P3W7,103709,33498.8205770857
Q6P4A7,37998,29790.1219425457
Q6P4E1,48864,40080.4189837188
Q6P587,24843,59906.7986528084
Q6P6C2,44256,54050.5176232709
Q6P996,86707,58171.2766809415
Q6P9B6,50994,21512.81155606
Q6PD62,133502,68254.6994277836
Q6PGP7,175486,43001.892624806
Q6PI48,73563,122332.66505667
Q6PI78,25498,68397.3104430481
Q6PJ69,57353,37249.979151459
Q6PJG6,88119,40001.5009477208
Q6PKG0,123510,85594.1464662628
Q6PL24,35740,30308.7869023518
Q6SZW1,79388,33330.0707797805
Q6UB35,105790,77901.4262700204
Q6UW63,58043,67918.2221704135
Q6UW68,21198,73852.5119547751
Q6UWP7,48920,41741.3795347727
Q6UX04,53847,34817.6336756801
Q6UXH1,38192,35586.8320236343
Q6WKZ4,137167,33289.9219743756
Q6Y7W6,150070,43735.5787054337
Q6YN16,45395,73288.7950591497
Q6YP21,51400,56756.5645664304
Q6ZRP7,77529,46502.3457712886
Q6ZSJ8,11471,36764.2373594342
Q6ZXV5,104009,62207.7687530377
Q709C8,422390,16914.5422949763
Q70UQ0,39309,46964.5022706557
Q712K3,27166,37663.1415693007
Q71RC2,80596,32522.549083076
Q7KZ85,199073,56789.0562973358
Q7KZF4,101997,185653.959246965
Q7L014,117362,132821.430143375
Q7L099,52965,31108.0860619215
Q7L0Y3,47347,107599.028522261
Q7L1Q6,48043,147678.545473174
Q7L2E3,133938,36627.2015272454
Q7L2H7,42503,102855.448872392
Q7L2J0,74355,51920.2041267629
Q7L4I2,50560,43461.9637379902
Q7L576,145182,48237.8099564996
Q7L592,49238,39050.7752465792
Q7L5D6,36504,20302.7625286559
Q7L5N1,36163,94822.6699154431
Q7L5N7,60208,124194.319487986
Q7L7X3,116070,31202.5682397785
Q7LBC6,191581,42033.1250917037
Q7RTS9,75935,24831.7181457326
Q7RTV0,12405,33393.1827020514
Q7Z2K6,100231,47345.7723802005
Q7Z2W4,101431,129402.11030923
Q7Z2Z2,125430,34100.4874619952
Q7Z3B4,55435,53963.5194391592
Q7Z3C6,94447,35556.2729018005
Q7Z3T8,168903,21828.527004697
Q7Z3U7,190359,40759.3722847064
Q7Z406,227871,108003.666168292
Q7Z417,76121,31476.7828858738
Q7Z422,16997,48842.1718063137
Q7Z434,56528,50761.33636386
Q7Z460,169451,20618.9079487753
Q7Z4H3,23390,69962.2389705682
Q7Z4H7,108621,21732.74031126
Q7Z4H8,58572,47563.8207158904
Q7Z4Q2,74583,51059.619696033
Q7Z4S6,187179,21797.3589853323
Q7Z4V5,74317,75457.3699856837
Q7Z4W1,25913,83952.1889275373
Q7Z5G4,15824,27936.7363958372
Q7Z5K2,132946,34301.4158488966
Q7Z5L9,61025,82369.5179876833
Q7Z6Z7,481891,85631.8145004832
Q7Z739,63861,25326.4801958557
Q7Z7H5,25943,71103.422353624
Q7Z7L1,102836,52101.7265364479
Q86SF2,75389,42885.8131642291
Q86SX6,16628,87243.9610202151
Q86TG7,80173,48560.1717137431
Q86TI2,98263,30935.1463783761
Q86TU7,67257,30459.0843732371
Q86U42,32749,53755.4646849778
Q86U44,64474,32344.1836664698
Q86U90,29328,57611.7590358077
Q86UE4,63837,65738.0843665658
Q86UK7,98637,39633.6967165041
Q86UP2,156275,69376.2138951008
Q86UV5,119032,36975.5311606363
Q86UY8,63420,46811.8694012165
Q86V21,75144,37341.1502566496
Q86V81,26888,139126.02116646
Q86VN1,43817,38253.6120470043
Q86VP6,136376,237846.049020114
Q86VR2,51396,49359.7086736847
Q86VS8,83126,22732.4428949153
Q86W56,111110,25939.4793900092
Q86WA8,94617,15528.3602321006
Q86WB0,55262,35758.7876897525
Q86WJ1,100984,45452.7942514953
Q86WQ0,15876,20403.9574503797
Q86WR0,24479,57935.7750545564
Q86X29,71439,45911.9473263941
Q86X55,65854,60005.8292375916
Q86XI2,130960,32964.2564045049
Q86XL3,104114,23174.6039662326
Q86XP3,102975,94438.0062985517
Q86Y56,93521,72803.7105675142
Q86Y82,31642,58798.7766581306
Q86YB8,53543,49588.6572988751
Q86YP4,68063,22074.5313494045
Q86YR5,74510,59193.7782256385
Q8IU81,61688,37848.5776381522
Q8IUI8,49766,41048.4845612651
Q8IUR0,20783,32394.9433280678
Q8IV08,54705,155720.030601102
Q8IVD9,40822,58123.502511283
Q8IWA4,84100,26338.2334733676
Q8IWD4,30541,16184.1876341022
Q8IWJ2,195910,14823.30441913
Q8IWS0,41290,35633.2619553546
Q8IWX8,103702,50175.4678186438
Q8IWZ3,269458,22072.0693178446
Q8IWZ8,72471,26361.6417897706
Q8IX12,132821,80150.0448841299
Q8IX18,88560,30786.4215173934
Q8IX90,46359,25483.8821179177
Q8IXB1,91080,32350.5303523195
Q8IXH7,66247,62483.9828055903
Q8IXI1,68118,63981.0582215161
Q8IXI2,70784,50999.9478230797
Q8IXJ6,43182,37275.180013717
Q8IXM2,17900,38156.1791593042
Q8IXM3,15383,63016.9422542118
Q8IXQ4,38142,32249.5594018487
Q8IY67,63877,69078.7068395305
Q8IY95,30922,21911.3086244884
Q8IYB3,102335,129408.699972452
Q8IYB8,87991,43052.5202508144
Q8IYD1,68883,61577.6984321292
Q8IYI6,81799,25766.053259203
Q8IYS1,47776,73402.531581958
Q8IYS2,69157,41648.7992335909
Q8IZ21,78211,30038.4614340222
Q8IZ69,68726,39243.3738412611
Q8IZ81,34961,57100.0624269531
Q8IZ83,85127,54917.1280868369
Q8IZP0,55081,47292.8356339422
Q8N0U8,19836,63030.5801593595
Q8N0X4,37359,29890.6037840526
Q8N0X7,72833,55000.7823300221
Q8N122,149038,22818.5223451656
Q8N163,102902,137942.558847131
Q8N183,19856,105860.495376975
Q8N1F7,93488,84930.5688675222
Q8N1G2,95321,57623.8722023326
Q8N1G4,63473,147932.289602716
Q8N2F6,37540,43488.8668603903
Q8N2K0,45097,37142.29922391
Q8N335,38419,40367.1928745828
Q8N3C0,251460,31776.9022029017
Q8N3F8,93441,34774.0638736943
Q8N4H5,6035,29219.1843531741
Q8N4J0,47186,20458.7939767574
Q8N4Q1,15996,45119.2225910029
Q8N543,63246,31481.9153408471
Q8N5K1,15278,118806.968072237
Q8N5N7,18325,67173.0028080721
Q8N684,52050,58931.2275070206
Q8N6H7,56720,56841.5013389858
Q8N6R0,78768,32408.4739065693
Q8N6T3,44668,63624.6428236995
Q8N766,111759,103309.008908072
Q8N7H5,59976,61021.547144093
Q8N806,47999,55062.119533659
Q8N8N7,38499,42089.5482740933
Q8N8S7,66510,135726.330117469
Q8N983,23431,55805.2682931247
Q8N9N7,26754,28231.4300887301
Q8N9N8,19053,19104.0594808976
Q8NB37,23298,37449.0019290858
Q8NBF2,79444,66965.978896412
Q8NBJ4,45333,85434.7752480001
Q8NBJ5,71636,100931.126803475
Q8NBJ7,33843,57531.9887728415
Q8NBM8,54646,39136.9223267492
Q8NBN7,35932,51207.6206807542
Q8NBS9,47629,182601.786308469
Q8NBT2,22478,50818.820479168
Q8NBU5,40744,91095.9003017108
Q8NBX0,47151,64281.9269454348
Q8NC51,44965,278870.564371564
Q8NC54,29235,40922.1458789031
Q8NC56,56975,47835.6435257216
Q8NCM8,492622,29156.6010497087
Q8NCW5,31675,157669.996547126
Q8ND24,77667,25253.7021529847
Q8ND56,50530,57423.8754578327
Q8NE62,65358,72148.0037694001
Q8NE71,95926,71470.4635535638
Q8NE86,39867,38605.2945150625
Q8NEB9,101549,26062.6787594858
Q8NEW0,41626,44750.8247218873
Q8NEZ5,44508,46071.4574192638
Q8NF37,59151,65607.7491236207
Q8NFC6,330466,18128.3174970323
Q8NFF5,65266,43246.3116285941
Q8NFH3,42151,71261.36983513
Q8NFH5,34774,28277.6375420646
Q8NFQ8,51263,62775.4871359941
Q8NFV4,34690,18407.5228859433
Q8NFW8,48379,29384.8615015878
Q8NHH9,66229,43649.2080048252
Q8NHP8,65472,70207.2412931548
Q8NHV4,71966,27017.8639048628
Q8NI22,16390,38060.0357745554
Q8NI27,182775,40083.1391950079
Q8NI60,71950,70710.19178023
Q8TAA5,25431,40357.5046915249
Q8TAE8,25384,37867.6578526495
Q8TAQ2,132879,38394.0430964618
Q8TAT6,68120,78310.865106905
Q8TB61,47515,69982.1756285316
Q8TBA6,83024,33670.565216418
Q8TBC4,51852,70531.4176671231
Q8TBQ9,8060,75375.4239980765
Q8TBX8,47300,33181.5078214776
Q8TC07,79491,58290.895251388
Q8TC12,35386,71985.5943562181
Q8TCG1,102185,38313.1718413145
Q8TCJ2,93674,60875.4464518872
Q8TCS8,85951,105142.455237758
Q8TCT8,58143,23716.9025313104
Q8TCT9,41488,293678.230711041
Q8TD16,93533,40391.7967122461
Q8TD19,107168,32523.3934914869
Q8TD30,57904,41789.1680286131
Q8TDD1,98595,55095.0042943085
Q8TDN6,41401,17261.7464952942
Q8TDP1,17840,74445.2271048552
Q8TEA8,23424,36355.1428513962
Q8TED1,23881,37336.3539811103
Q8TEM1,205111,78178.256035135
Q8TEQ6,168589,57994.8538306687
Q8TEW0,151423,20936.158326963
Q8TEX9,118715,135252.778096185
Q8TF05,107004,27827.9012624034
Q8WTV0,60878,64002.1986071265
Q8WTW3,108978,28113.4313839563
Q8WU79,46786,51789.3378717993
Q8WU90,48602,60203.0348101646
Q8WUA2,57225,50005.4426990289
Q8WUM0,128979,40522.8524250446
Q8WUM4,96023,126915.832134648
Q8WUW1,8745,57155.432012911
Q8WUX9,50911,44595.9769516596
Q8WUY1,23865,60588.1039851072
Q8WVC6,26550,51375.5258110168
Q8WVJ2,17676,69465.8983670325
Q8WVM8,72380,53471.899096929
Q8WVV9,60083,43511.2497391974
Q8WVX9,59357,49040.6944466206
Q8WVY7,36805,81309.8255578594
Q8WW12,18925,79163.1015754311
Q8WWC4,32545,45171.8592009576
Q8WWH5,37253,38777.5095341288
Q8WWI1,192696,23429.0658365804
Q8WWI5,73302,32928.762872329
Q8WWM7,113374,90435.3872482966
Q8WWV3,43590,38652.6149967651
Q8WWY3,55456,33541.1638351649
Q8WX92,65697,55316.4311820439
Q8WX93,150564,32089.909057871
Q8WXA9,59380,40074.5897127919
Q8WXD5,18824,51164.067124244
Q8WXF1,58744,93035.0074384739
Q8WXI9,65261,39103.3751309429
Q8WXX5,29910,80498.1883959596
Q8WY22,27836,72985.460801308
Q8WYA6,65173,55699.9301862774
Q8WZ82,24418,35382.9071186057
Q8WZA0,21495,64258.0842599938
Q8WZA9,62717,75236.2464743205
Q92499,82432,188005.44136227
Q92506,26974,35921.0811288651
Q92520,24680,108610.805662649
Q92522,22487,97870.181133148
Q92530,29817,134715.641307139
Q92538,206446,55761.3017935708
Q92541,80313,65222.0509910961
Q92542,78411,81236.1468744443
Q92544,74519,91676.1765016794
Q92552,47611,76794.975906569
Q92572,21732,60611.5201894104
Q92575,56778,47023.6037084975
Q92597,42835,124698.746741743
Q92598,96865,137930.661076219
Q92599,55756,46998.06966924
Q92600,33631,38810.9714599783
Q92609,89004,32641.5249797215
Q92614,233115,50777.6114107475
Q92615,80552,34100.4874619952
Q92616,292758,134027.498581673
Q92620,140503,21929.5779723591
Q92621,227922,40487.6368643923
Q92643,45252,24834.5376303566
Q92665,45318,59687.6405085953
Q92667,97342,61987.4598886394
Q92688,28788,273751.726560387
Q92692,57742,65468.6754745398
Q92696,65072,47072.6501052652
Q92734,43448,115978.131987742
Q92747,41569,53260.4816864024
Q92769,55364,70477.9988649645
Q92783,59180,47635.5081749746
Q92797,141148,49502.9178285038
Q92820,35964,95076.2861545277
Q92823,143890,25967.6464960207
Q92841,80272,114655.737713954
Q92878,153892,58479.6742686667
Q92879,52063,75850.2808604174
Q92888,102435,69091.5435949152
Q92890,34500,102493.474347217
Q92896,134552,34165.5145578927
Q92900,124345,73964.0751670475
Q92905,37579,58879.862627524
Q92917,52229,71585.6472085612
Q92930,23584,18964.6266577823
Q92945,73115,336659.224051437
Q92947,48127,60476.9104349431
Q92973,102355,187445.348779071
Q92974,111543,34290.8740910499
Q92979,26720,33964.890554416
Q92990,68208,44851.9564448116
Q93008,292280,69657.9248578145
Q93009,128302,60616.4668154452
Q93034,90955,64872.6866042055
Q93050,96413,31421.3739893856
Q93052,65746,32476.7268763111
Q969E8,20894,42432.7787039935
Q969G3,46649,53416.6053865369
Q969H8,18795,63211.0098653229
Q969M3,27989,27487.0622393527
Q969N2,65700,36740.5070668684
Q969S3,54272,25893.7397043963
Q969T9,28087,74424.5578344698
Q969U7,29396,66462.8035558192
Q969V3,62974,84265.2165996484
Q969X5,32592,56904.4100522387
Q969Y2,52058,38853.4712814026
Q969Z0,70738,62066.0489024063
Q96A26,17342,82730.0966200689
Q96A33,55874,80622.7907247645
Q96A35,24915,66420.9896230698
Q96A49,39933,102710.773322547
Q96A65,110498,38157.3679596571
Q96AB3,22337,39770.2222051686
Q96AC1,77861,43134.6454347286
Q96AE4,67560,286404.013570934
Q96AG4,34930,341871.582524958
Q96AY3,64245,145355.76332309
Q96B26,30040,41260.3716365043
Q96B36,27383,42034.6504376782
Q96B54,20481,47802.3107396983
Q96BJ3,35023,39174.3796842957
Q96BN8,40263,43476.2627235331
Q96BP3,73575,28515.7897168317
Q96BR5,25709,64961.902261253
Q96C01,15641,77116.2425783763
Q96C19,26697,62570.7905433117
Q96C23,37766,42354.1084265982
Q96C36,33637,97364.128496107
Q96C86,38609,42177.1734347892
Q96C90,15911,30058.5024451941
Q96CD2,22395,40727.713368222
Q96CM8,68125,30924.8094952133
Q96CN7,32237,111469.468872562
Q96CP6,80680,28984.0002451556
Q96CS3,52623,72494.3517859466
Q96CT7,25835,106963.562791024
Q96CV9,65921,16528.8776039613
Q96CW1,49655,47122.7695182491
Q96CW5,103571,38904.6040181033
Q96CX2,35701,114532.286017219
Q96D46,57603,113942.086791137
Q96D53,60069,40143.5478721322
Q96D71,86662,28358.1499554465
Q96DA0,22739,34553.415717084
Q96DA6,12499,77936.9467147188
Q96DB5,35808,48900.7207544346
Q96DG6,28048,92578.8557519369
Q96DV4,44597,70723.5305661779
Q96E11,29277,43130.3047380706
Q96EB6,81681,34571.9617503137
Q96EH3,26170,13973.2657698993
Q96EK5,71814,103903.476353555
Q96EK6,20749,47882.3663714659
Q96EK9,38616,25581.946496623
Q96EL3,12107,102093.455196841
Q96EP5,43383,87657.1130905412
Q96EQ0,33429,40924.4583413529
Q96ER3,53558,38664.4415246067
Q96ER9,45811,31949.2916457844
Q96EY1,52489,80884.4131264059
Q96EY4,23864,42370.8354614903
Q96EY7,78550,88761.90121174
Q96EY8,27388,53895.4701721232
Q96F07,148399,98381.4560176605
Q96F86,56078,64753.8707497009
Q96FV2,46597,32190.2307765868
Q96FW1,31284,133206.241184758
Q96FZ2,40575,24626.0223838895
Q96FZ7,23485,31422.6580317481
Q96G03,68283,91469.0027419941
Q96G23,44876,91738.9918044467
Q96G46,72594,30713.0318892543
Q96GA3,54855,57922.6804991099
Q96GA7,34674,34875.9668856923
Q96GC5,23935,52030.6193278229
Q96GD0,31698,79331.2147784366
Q96GD4,39311,13218.5576120141
Q96GG9,30124,43274.7757349026
Q96GK7,34596,30718.6464933879
Q96GM8,56548,23291.6102630188
Q96GX9,27125,59764.9293154956
Q96H20,28864,42562.2495984918
Q96HC4,63945,68880.086061399
Q96HE7,54393,154739.363035473
Q96HR9,20733,28731.870735038
Q96HS1,32004,71342.2235115238
Q96HY6,35611,82689.1399713357
Q96HY7,103077,23176.0528975592
Q96I15,48149,27985.3772308422
Q96I24,61640,105307.514186284
Q96I25,44962,54088.1305745734
Q96I99,46511,65193.8600895097
Q96IJ6,46291,38788.5335514278
Q96IU4,22346,33559.5129422346
Q96IX5,6458,131420.394758754
Q96IZ0,36568,30423.9763035869
Q96J01,38772,52690.1257378408
Q96JB5,56921,67917.9069546759
Q96JG6,111174,14324.274249748
Q96JJ7,51872,89102.9149454819
Q96K17,17271,136174.115092601
Q96K76,157311,20065.5169879898
Q96KA5,62229,44813.1132448592
Q96KB5,36085,91930.689807035
Q96KC8,63883,36806.856181666
Q96KP1,104066,46803.0997991634
Q96KP4,52878,121964.833520386
Q96KR1,117012,27620.0842919885
Q96L92,61265,65058.1236336051
Q96M27,46701,63046.8142339851
Q96MW1,25248,74085.0122668593
Q96MW5,68424,26359.347221599
Q96N66,52765,28996.815824169
Q96N67,242561,25912.6862893394
Q96NB2,36232,35499.2012976104
Q96P16,35720,64806.2246036093
Q96P47,95044,29553.2387210599
Q96P70,115963,79926.9237430941
Q96PK6,69492,17465.6628840886
Q96PU8,37671,57663.9057587951
Q96PZ0,75035,50908.0907911006
Q96Q11,50128,51734.9178487985
Q96QC0,99058,25598.1986683658
Q96QK1,91707,95370.6850249474
Q96QR8,33241,15903.633456355
Q96QU8,128883,18586.3152540944
Q96RP9,83471,66065.7058252875
Q96RQ3,80473,30477.7154656316
Q96RS6,66756,145603.88715502
Q96S44,28160,51096.5035478288
Q96S52,61656,51443.1196371814
Q96S55,72133,66134.5295076649
Q96S59,77847,39157.5158277515
Q96S66,62023,55894.5223149455
Q96SB4,74325,43599.2322488997
Q96ST2,91955,59282.3014176109
Q96ST3,145175,44118.3632696716
Q96SU4,83185,33215.8471821159
Q96SZ5,29751,46928.3701917483
Q96T17,81965,24918.8285808362
Q96T51,79818,19580.4171542838
Q96T76,113290,54139.0123137656
Q96T88,89814,40239.2344116319
Q96TA1,84138,42458.2296305194
Q96TA2,86455,68143.7679044088
Q96TC7,52118,54013.9299254892
Q99417,11967,109845.811082696
Q99426,27326,172442.01812655
Q99436,29965,200337.249847798
Q99439,33697,50166.9364488316
Q99442,45862,55450.7584347357
Q99459,92251,46328.2001307494
Q99460,105836,141587.286984407
Q99470,23026,31885.9123772939
Q99471,17328,148519.452510631
Q99497,19891,587483.481166628
Q99523,92068,50827.131430562
Q99536,41920,189093.203236343
Q99538,49411,54661.7382430032
Q99543,71996,67982.1989502063
Q99567,83542,53353.3104098893
Q99575,114709,27565.7789478559
Q99576,14810,45324.8120818712
Q99584,11471,59375.0945982933
Q99598,33112,71579.1642925778
Q99614,33526,74903.9250152884
Q99615,56441,120031.522200307
Q99622,13178,32384.7939221852
Q99623,33296,399740.142864171
Q99627,23226,121127.141364808
Q99653,22456,58773.4073272887
Q99661,81313,41335.4473852276
Q99700,140283,40499.4412358456
Q99707,140527,36720.9954058049
Q99714,26923,273714.562410109
Q99729,36225,111040.320726451
Q99733,42823,116736.515347142
Q99747,34746,66023.3141236491
Q99757,18383,48334.8966444438
Q99797,80641,56161.266041689
Q99798,85425,118036.921894462
Q99805,75776,112235.950229774
Q99807,24277,36331.306893801
Q99808,50219,57596.9526817215
Q99816,43944,63369.2043599475
Q99829,59059,116210.259546325
Q99832,59367,259502.555055012
Q99848,34852,39088.8540899267
Q99873,41516,130028.753390389
Q99943,31717,55623.8603435556
Q99961,41490,85394.4822595434
Q99986,45476,87754.5144848296
Q9BPU6,61421,62113.9018610246
Q9BPW8,33310,100049.599977416
Q9BPX3,114334,63626.9072482884
Q9BPX5,16941,73079.7897302765
Q9BQ48,10165,29795.3677965961
Q9BQ52,92219,89763.3597875278
Q9BQ61,18419,45879.3559564459
Q9BQ69,35505,44571.762719675
Q9BQ95,49148,36191.3979538109
Q9BQA1,36724,137347.408467259
Q9BQB6,18235,45322.5914734992
Q9BQC3,52083,36609.0758495826
Q9BQE3,49895,183564.516297451
Q9BQE5,37092,28720.1172860067
Q9BQG0,148855,69154.4613181152
Q9BQI0,17068,36180.8758996699
Q9BQP7,39421,92965.7229885141
Q9BR76,54235,62669.5922163305
Q9BRA2,13941,115845.295566404
Q9BRG1,20748,87589.3054818375
Q9BRJ2,35351,55699.2481288157
Q9BRJ6,22083,34522.0845536789
Q9BRK5,41807,47033.4510817092
Q9BRP1,39417,60739.7509596876
Q9BRP4,42190,30963.9962592062
Q9BRP8,22656,32657.7547850368
Q9BRQ6,26458,20198.8168131534
Q9BRR6,54089,45156.6638070843
Q9BRS2,65583,11403.223723017
Q9BRT2,14875,66693.6258087676
Q9BRT3,12403,53726.7543385061
Q9BRT6,15225,33189.46575751
Q9BRT9,26047,41817.830716469
Q9BRX2,43359,34159.717959011
Q9BRX5,24535,50348.8143979348
Q9BRX8,25764,46230.1978355873
Q9BS26,46971,129344.750207714
Q9BS40,25750,34537.3392922323
Q9BSD7,20713,94084.8509676154
Q9BSH4,32477,64159.7766441792
Q9BSJ2,102534,52087.8934239498
Q9BSJ8,122856,145619.724102664
Q9BSV6,33652,35750.0452167354
Q9BT09,30748,23090.9879808508
Q9BT22,52518,30542.6723043666
Q9BT73,13104,37715.7052390695
Q9BT78,46269,102523.457483238
Q9BTA9,70724,36543.9954504808
Q9BTC0,243873,39269.6260119891
Q9BTD8,50414,67727.0948231115
Q9BTE1,20127,28271.6121830738
Q9BTE3,72980,88226.3896505225
Q9BTE6,45480,48582.1363305787
Q9BTE7,27508,68970.6527070442
Q9BTM9,11380,33373.5436715323
Q9BTT0,30692,205311.871981392
Q9BTU6,54022,39158.3002570783
Q9BTV4,44876,107201.675961296
Q9BTV5,55820,31338.5091988499
Q9BTW9,132600,72121.3816564907
Q9BTX1,76305,44289.0006772334
Q9BTY2,54067,134422.714427347
Q9BU23,79698,70884.7578782524
Q9BU61,20350,91682.6127076462
Q9BU89,32904,32857.9404551248
Q9BUF5,49857,275019.186202267
Q9BUH6,21640,46000.4685031472
Q9BUI4,60612,34778.5862753738
Q9BUJ2,95739,93834.3345001953
Q9BUL8,24702,82438.4146541814
Q9BUN8,28801,44124.1613838016
Q9BUP3,27049,52843.4343442831
Q9BUQ8,95583,116854.208574992
Q9BUR5,22285,81140.1193060171
Q9BV20,39150,85090.3144118682
Q9BV38,47405,51086.7982957353
Q9BV40,11438,69232.9983346148
Q9BV44,57003,52645.8423791786
Q9BV57,21498,69096.2397323501
Q9BV79,40462,40957.2126576471
Q9BV81,12017,77974.2511887774
Q9BV86,25387,59013.5743596321
Q9BVC5,25858,40856.4117082703
Q9BVC6,26210,134026.535836636
Q9BVG4,26057,79753.6905378503
Q9BVG8,92775,31512.4893383509
Q9BVI4,58468,41379.7761775928
Q9BVK6,27277,123504.156016378
Q9BVL2,60897,50844.8125117069
Q9BVM2,23240,35725.2363706917
Q9BVP2,61993,81773.0132722563
Q9BVT8,26261,55214.8307584506
Q9BVV7,28202,26514.0532874497
Q9BW19,73748,34952.1115024277
Q9BW27,75019,25908.0656781256
Q9BW83,20480,58653.8459095392
Q9BW85,37086,21314.209967844
Q9BW91,39125,28582.0375245655
Q9BW92,81036,71110.8510139837
Q9BWD1,41351,182939.087448903
Q9BWF3,40314,63352.0309920065
Q9BWH2,20676,48616.695617451
Q9BWJ5,10135,44640.6664476339
Q9BWS9,44941,39561.8484367011
Q9BWU0,88814,29867.0244510898
Q9BX68,17162,62892.8484239454
Q9BXB4,83643,15247.6654827649
Q9BXJ9,101272,124523.342686069
Q9BXK5,52723,66549.7367607761
Q9BXP5,100666,119944.506339718
Q9BXR0,44048,44228.4758046883
Q9BXS5,48587,82142.2303263311
Q9BXS6,49452,25374.9528073803
Q9BXW7,46321,86534.0299089798
Q9BXW9,166462,47903.7297053637
Q9BY32,21446,101016.499330006
Q9BY42,33887,40429.5626860615
Q9BY43,25098,117318.168483311
Q9BY44,64990,77395.3819195344
Q9BY67,48509,91834.7907447827
Q9BYC9,17443,42455.9506899306
Q9BYD1,20692,55727.2097675886
Q9BYD2,30243,56488.7340498967
Q9BYD3,34919,58118.4727448826
Q9BYD6,36909,40476.4117689183
Q9BYN8,24212,62986.415078199
Q9BYT8,80652,59038.2361987486
Q9BYV8,41368,13672.9542676997
Q9BZD4,54304,20381.0916334456
Q9BZE1,48117,65026.0561219053
Q9BZE4,73964,46645.5011327323
Q9BZE9,60183,42166.5098884024
Q9BZF1,101196,40626.4937268639
Q9BZG1,29044,48374.2145718729
Q9BZH6,136685,29883.6180848374
Q9BZJ0,100452,32906.2827847874
Q9BZX2,29299,46321.5958221126
Q9BZZ5,59005,140389.633214808
Q9C005,11250,107856.129837483
Q9C0B1,58282,40680.9793139273
Q9C0C9,141293,122789.408570659
Q9C0E8,47740,42321.0267968994
Q9C0H2,57545,42624.0822468724
Q9GZL7,47708,31902.9318517908
Q9GZP4,24178,51996.1026706246
Q9GZS3,33581,88728.4516391106
Q9GZT3,12349,128052.075923679
Q9GZT8,41968,47171.9570956912
Q9GZT9,46021,59822.6212732408
Q9GZU8,28912,39604.4169785815
Q9GZY8,38465,48780.8990673776
Q9GZZ1,19398,110972.882634065
Q9GZZ9,44863,30054.581795143
Q9H019,31957,34945.9567036082
Q9H074,53525,117440.195547035
Q9H078,78729,86387.8126119736
Q9H0A8,21764,34573.1980121303
Q9H0B6,68935,65211.3197975752
Q9H0C8,42907,60580.8475309738
Q9H0D6,108582,69282.105110958
Q9H0E2,30282,26798.0092565976
Q9H0H5,71027,33538.2442917582
Q9H0L4,64437,40950.2773173313
Q9H0P0,37948,41171.2087819482
Q9H0R4,28536,34540.2250230387
Q9H0R6,57460,29736.7682614527
Q9H0S4,50647,34610.8955754087
Q9H0U3,38037,72445.8135493346
Q9H0U6,20577,53157.8616087805
Q9H0W8,57651,27591.6975774098
Q9H0W9,35117,33269.421946647
Q9H173,52085,34716.4856246888
Q9H1A4,216500,44316.8236285813
Q9H1D9,35684,43499.2124564856
Q9H1E3,27296,36658.4096308894
Q9H1E5,38952,43188.7952128691
Q9H1K1,17999,37421.8509107489
Q9H1Y0,32447,25464.3443278678
Q9H223,61175,57779.0668954776
Q9H299,10438,32507.9816680641
Q9H2G2,142695,69134.430280244
Q9H2H9,54048,43912.9896098455
Q9H2J4,27614,70147.1895720034
Q9H2M9,155985,51053.6184522807
Q9H2P9,31651,44664.493586527
Q9H2U2,37920,80634.1278032878
Q9H2W6,31705,64223.6028155416
Q9H3G5,54164,80973.211807851
Q9H3K2,37205,118060.462289062
Q9H3K6,10117,91870.0235879133
Q9H3N1,31791,149085.853601913
Q9H3P2,57277,42282.0381403753
Q9H3P7,60593,91483.847050402
Q9H3R5,28481,35586.4246371922
Q9H3S7,178974,36681.5572182872
Q9H3U1,103077,80103.2556716543
Q9H444,24950,94640.9163131245
Q9H467,32009,27514.1382366761
Q9H488,43956,76600.0363876317
Q9H490,50052,41659.8978717606
Q9H4A3,250794,66486.6471316156
Q9H4A4,72596,129963.219352115
Q9H4A6,33811,54361.9783517786
Q9H4B0,45123,22728.5492448336
Q9H4I3,42321,50224.867352745
Q9H4M9,60627,48873.4253220773
Q9H583,242370,35386.5818841891
Q9H5X1,18355,36623.7780608714
Q9H6D7,42400,37800.8603902922
Q9H6E4,26561,67728.5148739876
Q9H6H4,29395,34121.2020648528
Q9H6S0,160248,45250.0278340321
Q9H6T3,75719,51638.3102354749
Q9H6V9,37319,31262.205298172
Q9H6Z4,60210,77061.9855558524
Q9H773,18681,145408.66389897
Q9H7D7,72124,47259.7154730959
Q9H7Z7,41943,49412.6490945949
Q9H814,44403,62618.3272417832
Q9H832,38210,57527.6119191935
Q9H845,68760,81934.7366952298
Q9H857,60719,53837.0656982625
Q9H8H3,28319,56599.0781081603
Q9H8M7,49725,37889.1185344677
Q9H8Y8,47145,63449.5382361771
Q9H900,67214,31293.2930458801
Q9H910,20063,46840.0008076913
Q9H944,23222,32560.960863533
Q9H974,46713,31628.4779998786
Q9H993,51172,40093.6307523714
Q9H9A5,82310,48346.4408380069
Q9H9A6,68250,90391.491419961
Q9H9B4,35619,229379.205703328
Q9H9E3,89083,19136.9004438349
Q9H9H4,31307,9020.29842975315
Q9H9J2,37535,58486.6986017949
Q9H9P8,50316,44423.7561106333
Q9H9Q2,29622,47590.6858471687
Q9H9T3,62259,86090.2054789201
Q9HA77,62224,79865.156314486
Q9HAB8,34005,38191.4406561827
Q9HAU5,147810,28774.2116880148
Q9HAV4,136311,99568.0081358345
Q9HAV7,24279,146355.157116531
Q9HB07,42449,108236.676212118
Q9HB40,50831,48109.5655610809
Q9HB71,26210,194568.423978196
Q9HBH5,36865,37464.1711546863
Q9HBM1,26153,46396.4227934565
Q9HC07,34906,30108.5817929999
Q9HC35,108916,84580.9617133649
Q9HC38,34793,129409.67620753
Q9HCC0,61333,68766.5759991809
Q9HCD5,65536,80452.0690810908
Q9HCE1,113671,29742.4552973105
Q9HCN4,41740,38300.7088799516
Q9HCN8,23598,66728.7058785344
Q9HCS7,100010,22551.1068248306
Q9HCU5,45468,54342.866453487
Q9HD20,132955,51550.7745168596
Q9HD26,50520,46349.4781397754
Q9HD33,29450,79558.8465267233
Q9HD45,67888,95272.040994475
Q9HD47,20448,28673.5282333259
Q9HDC9,46480,134008.72455836
Q9NNW7,56507,44905.8316060657
Q9NP61,56928,31625.7030813321
Q9NP72,22977,115494.684178645
Q9NP77,22574,41068.8845564711
Q9NP79,33879,96866.8864525056
Q9NP81,58283,74382.9084135909
Q9NP92,50365,41068.8845564711
Q9NP97,10922,83625.6371933709
Q9NPA0,26471,74415.7423056191
Q9NPA8,11529,68923.9650747553
Q9NPD3,26383,37418.6561593704
Q9NPD8,22521,93943.275228139
Q9NPF0,28991,52193.0935426167
Q9NPF4,36427,42211.822574416
Q9NPH2,61068,220694.822083723
Q9NPI6,63309,22807.8302251636
Q9NPJ3,14960,96761.8658549737
Q9NPJ6,29745,46976.178967183
Q9NPL8,32178,25123.8010978596
Q9NPQ8,59710,30849.8260269821
Q9NQ29,43728,52287.8940795742
Q9NQ48,34592,36384.6262177133
Q9NQ50,24490,58126.3526355685
Q9NQ88,30063,22955.8852152921
Q9NQC3,129931,172229.850346314
Q9NQE9,20361,41659.8978717606
Q9NQG5,36900,70675.4442068535
Q9NQH7,57034,32174.7558252726
Q9NQP4,15314,123832.416150441
Q9NQR4,30608,56348.2648865545
Q9NQS1,38506,20834.2323593321
Q9NQW6,124199,21183.235402109
Q9NQW7,69918,80033.5683470295
Q9NQX3,79748,43442.7700593568
Q9NR09,530255,18099.557437991
Q9NR12,49845,38660.4995081936
Q9NR28,27131,114059.505058372
Q9NR30,87344,109527.734813601
Q9NR31,22367,119933.438943587
Q9NR45,40308,93899.2060137282
Q9NR46,43974,63604.5850951817
Q9NR50,50240,60181.2092430851
Q9NR56,41817,42889.2179182547
Q9NRF8,65678,29689.9431698006
Q9NRF9,16860,44283.0243734775
Q9NRG9,59574,84652.6041977898
Q9NRK6,79148,72118.9192987451
Q9NRL3,80596,49552.2252182576
Q9NRN7,35776,87712.3694425554
Q9NRR5,63853,55733.0059958471
Q9NRV9,21097,56265.7508472077
Q9NRW7,65077,46333.7034358754
Q9NRX1,27924,24240.091944332
Q9NRX2,20050,76669.4441836978
Q9NRX4,13833,64670.648150786
Q9NRY5,55468,33044.8481174087
Q9NRZ9,97074,64482.8394542674
Q9NS69,15522,154271.662847249
Q9NSD9,66116,127805.919645796
Q9NSE4,113792,109787.722046665
Q9NSI2,25456,41983.3486213703
Q9NSK0,68640,44688.8739518617
Q9NT62,35864,46705.8596568486
Q9NTJ3,147182,83423.5366944162
Q9NTJ5,66967,69735.6124272517
Q9NTK5,44744,160718.04082068
Q9NTM9,29341,77087.4672604749
Q9NTX5,33698,40679.4340227698
Q9NTZ6,97395,89846.308584203
Q9NU22,632820,46986.3951318291
Q9NUB1,74857,58780.0838882639
Q9NUJ1,33933,69366.2113821309
Q9NUP9,21834,71060.8563809539
Q9NUQ3,60586,62751.0936739761
Q9NUQ7,53261,32178.1478481399
Q9NUQ8,79745,38523.4151438224
Q9NUQ9,36748,77214.825687421
Q9NV35,18609,49408.8939283967
Q9NV96,40684,30687.7611275422
Q9NVA1,34600,39008.3608386971
Q9NVA2,49398,76858.4615341031
Q9NVD7,42244,49629.7199487951
Q9NVE7,85991,25608.4122234389
Q9NVG8,46554,51521.2310882021
Q9NVH0,70353,32807.4661724038
Q9NVH1,63278,67939.0251256444
Q9NVI1,149324,67127.089773902
Q9NVI7,71369,115132.65723454
Q9NVJ2,21539,82186.6557426465
Q9NVM9,80225,39596.0218694209
Q9NVP2,22434,30719.9421134279
Q9NVS2,22184,43763.3531460809
Q9NVS9,29988,55615.6709943347
Q9NVT9,31281,73519.8637109497
Q9NVV4,66172,67435.2600842266
Q9NVX2,53320,57163.3643255215
Q9NVZ3,28339,61677.2924749548
Q9NW08,127785,50830.1373865487
Q9NW13,85738,16440.1380022069
Q9NW64,46896,19795.2852452364
Q9NW82,73201,57569.3549901376
Q9NWB6,33216,35484.112004893
Q9NWS0,32363,45550.3492656046
Q9NWU2,26749,37967.7664751064
Q9NWU5,23641,29444.836161118
Q9NWV4,18048,63767.8855995896
Q9NWV8,36560,29124.8482974795
Q9NWY4,39436,39752.6793577211
Q9NWZ8,28637,24253.849253788
Q9NX14,17317,71070.2991607835
Q9NX24,17201,42268.9119197636
Q9NX40,27626,103974.561952636
Q9NX46,38947,65652.8030603572
Q9NX55,14665,90865.4571089938
Q9NX61,53602,24692.9362778333
Q9NX62,38681,71235.8539503822
Q9NX63,26152,113384.110408932
Q9NX70,21073,28172.4552540737
Q9NX74,55050,22934.0649123175
Q9NXA8,33881,27649.8103418403
Q9NXG2,39315,78970.204716354
Q9NXH9,72234,60321.3673251517
Q9NXR7,43552,42763.5491945535
Q9NXV6,61125,30829.9907240569
Q9NXW2,41819,34506.2085391949
Q9NY26,34250,24551.9560226621
Q9NY27,46898,51419.1841903818
Q9NY33,82589,82100.4266554215
Q9NY93,61590,41633.1060523668
Q9NYB0,44260,50229.6641217457
Q9NYB9,55663,27310.8093119519
Q9NYF8,106122,22565.2639953744
Q9NYK5,38712,71685.3313018349
Q9NYL4,22180,103255.627161422
Q9NYL9,39595,46729.6287582177
Q9NYU2,177190,73085.9133143294
Q9NYY8,81463,30337.4377607135
Q9NZ01,36034,149242.254078899
Q9NZ32,46307,42509.8726056827
Q9NZ45,12199,126780.284701352
Q9NZ63,33688,32211.4245491438
Q9NZI8,63481,94677.6649065605
Q9NZJ7,41544,56753.5180882217
Q9NZJ9,20306,38970.2508099254
Q9NZL4,39474,69757.4461208569
Q9NZL9,37552,115460.468040501
Q9NZM1,234709,43434.112985503
Q9NZT2,73325,51509.6229017487
Q9NZU5,40833,28128.6392007964
Q9NZW5,61117,55525.2150849272
Q9NZZ3,24571,40042.328328286
Q9P015,33420,48195.9196445776
Q9P016,25697,32536.9028430668
Q9P032,20266,78998.7058596263
Q9P035,43160,340063.308841399
Q9P0I2,29952,35722.1856307792
Q9P0J0,16698,82898.5027676248
Q9P0L0,27893,204377.483485847
Q9P0T7,20574,45894.4559251367
Q9P0U4,75712,24846.9888349658
Q9P258,56085,222162.819361461
Q9P260,134630,26296.4451679071
Q9P265,171492,40975.7046204935
Q9P287,35979,108041.946967519
Q9P289,46529,73555.2931759027
Q9P2B2,98556,49806.3142556994
Q9P2E9,152472,76676.6539531235
Q9P2I0,88487,40198.0983373156
Q9P2J5,134466,155062.512518945
Q9P2N5,118718,37532.6019705212
Q9P2R3,128399,50552.052730303
Q9P2R7,50317,107783.840597325
Q9P2T1,37874,32967.6159528605
Q9P2W9,38674,25441.5427174845
Q9P2X0,10094,68304.8704653331
Q9UBB4,53489,108902.109862545
Q9UBB6,78864,45508.2334187856
Q9UBC2,94255,47886.7117627238
Q9UBD5,82254,25311.0917687433
Q9UBE0,38450,154397.059812606
Q9UBF2,97622,68078.59172935
Q9UBI1,22151,43221.9887203073
Q9UBI6,8006,52856.318155091
Q9UBK8,80410,19555.6241675642
Q9UBM7,54489,131942.96282349
Q9UBQ0,20506,57884.733228408
Q9UBQ5,25060,142750.653748056
Q9UBQ7,35668,84657.803118789
Q9UBR2,33868,46555.0882690285
Q9UBS4,40514,94162.6677489728
Q9UBS8,53837,29526.0432148554
Q9UBT2,71224,225459.479292311
Q9UBU8,41474,29161.0100686581
Q9UBU9,70182,50495.3347419055
Q9UBV2,88755,23102.5950577578
Q9UBV8,30381,77647.8204388205
Q9UBW8,30277,83378.9380945158
Q9UBX3,31282,71524.5133090859
Q9UDR5,102132,73405.4352275682
Q9UDW1,7308,110640.382473331
Q9UDX5,18010,57518.8578153987
Q9UDY2,133958,25428.5095840963
Q9UEE9,33593,73369.212806308
Q9UEW8,59474,32180.6917721678
Q9UEY8,79155,46767.2838199644
Q9UFC0,70861,46659.9534182975
Q9UFG5,12878,39505.3877882642
Q9UFN0,28467,30077.2316396428
Q9UFW8,18820,44855.3011676928
Q9UG63,71290,75346.6891752344
Q9UGI8,47996,91554.4144634801
Q9UGM6,40147,42763.9279347353
Q9UGP8,87997,84598.0078740578
Q9UGV2,41409,71070.2991607835
Q9UH03,40704,27911.1696771081
Q9UH62,42501,27707.4247493017
Q9UH65,68998,29395.1902689342
Q9UH99,80311,25668.2683077825
Q9UHA4,13623,38788.7303975788
Q9UHB6,85226,44879.4545616703
Q9UHB9,70730,94599.0491726607
Q9UHD1,37490,106132.067637987
Q9UHD8,65401,86734.5075495059
Q9UHD9,65696,49191.2582519105
Q9UHG3,56640,69915.1919798584
Q9UHI6,92241,42071.2521543677
Q9UHJ6,51491,21866.8444072054
Q9UHQ9,34095,77805.5785418004
Q9UHR4,56883,34463.9270864097
Q9UHR5,33870,34158.0617162024
Q9UHR6,42884,31712.5336101772
Q9UHV9,16648,208058.493917478
Q9UHX1,59875,118683.98497764
Q9UHY1,59845,35394.339225353
Q9UHY7,28933,77510.5750307843
Q9UI09,17114,52633.2869270476
Q9UI10,57557,74698.6965010067
Q9UI12,55883,46732.5538544457
Q9UI14,20648,53264.1266409377
Q9UI26,112535,48306.7530870556
Q9UI30,14199,98895.2087182629
Q9UIA9,123907,79169.3305157616
Q9UIC8,38379,32935.6947545586
Q9UID3,86042,31625.9165400353
Q9UIJ7,25565,95691.6867769401
Q9UIQ6,117349,38131.4091409658
Q9UJ70,37376,41535.8324900395
Q9UJ83,63729,61962.9437919796
Q9UJS0,74176,104287.163009696
Q9UJU6,48207,57068.1477132419
Q9UJW0,52337,49609.011776545
Q9UJX2,68834,40453.1835100947
Q9UJX3,66855,69540.3921541099
Q9UJX4,85077,38245.4964037564
Q9UJX6,93828,38570.380906949
Q9UJY5,70384,42323.6889167906
Q9UJZ1,38534,185603.304565966
Q9UK41,25425,34640.3418958071
Q9UK59,61555,29258.1618369052
Q9UK76,16015,74930.3018390566
Q9UKD2,27560,76531.2048802997
Q9UKF6,77486,60216.5915358271
Q9UKG1,79663,39963.3804666906
Q9UKK9,24328,156006.569409714
Q9UKN8,91982,30892.497892355
Q9UKS6,48487,40848.6982052164
Q9UKX7,50144,68200.1080382654
Q9UKY7,27335,49995.6539437012
Q9UL25,24348,99793.2265355781
Q9UL46,27402,81470.3005523006
Q9ULA0,52428,34646.9299219024
Q9ULC3,26659,50976.989724517
Q9ULC4,20555,123440.501594077
Q9ULF5,94132,38827.107825334
Q9ULK4,156474,26805.3036692166
Q9ULT8,289384,37734.4140725101
Q9ULV4,53249,59405.6804483776
Q9ULW0,85653,122624.769476718
Q9ULX3,46675,39190.0644065425
Q9UM00,21175,110653.108348195
Q9UM54,149691,59318.8934210719
Q9UMS0,28463,46595.910793472
Q9UMS4,55181,83584.7100887321
Q9UMX0,62519,93849.5836778596
Q9UMX5,18856,147889.007896032
Q9UMY4,19730,70605.3079141863
Q9UN30,37447,52046.3853350449
Q9UN37,48898,62976.6711264416
Q9UNE7,34856,129120.582849284
Q9UNF0,55739,108902.632572094
Q9UNF1,64954,58006.4318134314
Q9UNH7,46649,78005.2831140023
Q9UNK0,26907,38771.9970590527
Q9UNM6,42945,112850.683151272
Q9UNN5,73954,65830.6622884875
Q9UNN8,26671,36357.1625627019
Q9UNP9,33431,57862.2288564907
Q9UNQ2,35236,30246.8904002937
Q9UNS1,138658,41576.8209446416
Q9UNS2,47873,83264.2747772761
Q9UNW1,55051,37850.5653385798
Q9UNZ2,40573,125252.065023513
Q9UP83,92743,33524.270794467
Q9UPN3,838308,67190.0982726098
Q9UPN6,140519,50919.0464277972
Q9UPN7,96724,19094.6722336273
Q9UPN9,122533,35194.0650568605
Q9UPT5,83382,26335.0199228718
Q9UPT9,59961,25881.72194576
Q9UPU5,294365,35023.0657979045
Q9UPY8,31982,49300.4817037973
Q9UQ35,299615,91128.4412172592
Q9UQ80,43787,375344.862621388
Q9UQB8,60868,31459.2444913753
Q9UQE7,141542,98879.7300970508
Q9UQN3,23907,35958.8198113546
Q9UQR0,77257,33324.6350863283
Q9Y223,79275,29401.7823461129
Q9Y224,28068,130921.538197024
Q9Y230,51157,230637.76800644
Q9Y237,13810,69243.9469021679
Q9Y244,15789,39018.7697715025
Q9Y262,66727,135205.050929281
Q9Y263,87157,54099.5159347523
Q9Y265,50228,253486.519576428
Q9Y266,38243,298404.906111562
Q9Y276,47534,48727.8672080184
Q9Y277,30659,165736.525147604
Q9Y281,18737,130802.721097957
Q9Y282,43222,61647.1589115283
Q9Y285,57564,105871.596155944
Q9Y295,40542,86333.9409477565
Q9Y2A7,128790,115396.1103705
Q9Y2B0,20652,186455.983945505
Q9Y2I1,166629,26024.4056295678
Q9Y2J2,120678,59129.8491274277
Q9Y2L1,109003,88376.6443477871
Q9Y2Q3,25497,66272.7282863784
Q9Y2Q5,13508,45312.9683382091
Q9Y2Q9,20843,75159.6552731929
Q9Y2R0,11731,90140.8980302769
Q9Y2R5,14502,39186.1434595685
Q9Y2R9,28134,72096.4487427266
Q9Y2S7,42033,67356.5305884042
Q9Y2T2,46939,33266.9113946922
Q9Y2U8,99997,57305.2283545349
Q9Y2V2,15892,81117.7945131862
Q9Y2V7,73279,36889.4246813568
Q9Y2W2,69998,104128.381610276
Q9Y2X3,59578,36414.9074761042
Q9Y2X7,84341,30978.2019812669
Q9Y2Y0,18822,28656.4380533
Q9Y2Z0,41024,101260.071104029
Q9Y2Z4,53199,104003.57637228
Q9Y2Z9,50870,121180.002757928
Q9Y305,49902,52024.6627872339
Q9Y312,43472,44244.5442515655
Q9Y314,33172,34516.3117928173
Q9Y315,35231,34250.762312233
Q9Y320,34038,37688.0332970235
Q9Y333,10835,66853.5696444151
Q9Y371,40796,84352.8741959919
Q9Y376,39869,52846.568358937
Q9Y383,46514,138152.606437787
Q9Y394,38299,54951.4187244881
Q9Y399,33249,78519.5811047587
Q9Y3A3,26032,70759.5092895027
Q9Y3A5,28764,98063.9744233415
Q9Y3A6,26005,103582.418799778
Q9Y3B2,21452,25341.8649131811
Q9Y3B3,25172,46959.0284225354
Q9Y3B4,14585,54602.9728630272
Q9Y3B7,20683,55560.7217296966
Q9Y3B8,26833,62344.3059347203
Q9Y3B9,31484,33439.3372723918
Q9Y3C6,18237,83137.7672488192
Q9Y3C8,19458,116334.274230345
Q9Y3D0,17663,40456.86167038
Q9Y3D3,15345,66812.0115598456
Q9Y3D6,16938,82744.6699985471
Q9Y3D7,13825,57802.7602898752
Q9Y3D8,20061,87595.0044018275
Q9Y3D9,21771,95604.4584959763
Q9Y3E5,19194,53827.7324767309
Q9Y3F4,38438,179125.154236023
Q9Y3I0,55210,131540.687434913
Q9Y3I1,58503,21962.8916384109
Q9Y3L3,75713,30880.0004767747
Q9Y3P9,121737,19292.4610890907
Q9Y3U8,12254,148104.672208739
Q9Y3Z3,72201,69645.129632036
Q9Y450,75473,58500.7462637534
Q9Y478,30382,27489.995983491
Q9Y490,269767,122966.16407639
Q9Y4B6,169007,45395.1090355795
Q9Y4C2,102126,48943.4475141958
Q9Y4E8,112419,34433.3891403978
Q9Y4L1,111335,130710.359209025
Q9Y4P3,49798,15203.1581611218
Q9Y4R8,91747,47259.5334687481
Q9Y4W2,83065,25946.8686573061
Q9Y4W6,88584,90204.8396627042
Q9Y4X5,64118,39956.57171951
Q9Y4Z0,15350,61874.981036694
Q9Y508,25694,47271.9091308206
Q9Y512,51976,67838.611748906
Q9Y520,316911,63976.2165217308
Q9Y547,16297,47758.8193244757
Q9Y570,42315,81096.936253495
Q9Y5A9,62334,60037.6112547699
Q9Y5B0,104399,31020.3734432427
Q9Y5J7,10378,184150.062207449
Q9Y5J9,9344,81234.6789022279
Q9Y5K5,37607,92694.509537416
Q9Y5K6,71451,79130.1739445128
Q9Y5K8,28263,49526.1447506932
Q9Y5L0,104203,86561.3721092772
Q9Y5L4,10500,169421.13168328
Q9Y5M8,29702,94867.3965506123
Q9Y5P6,39834,62325.8795330076
Q9Y5Q8,59571,35412.7091847386
Q9Y5Q9,101272,28579.5932194333
Q9Y5S9,19889,93736.7164603065
Q9Y5U9,8969,73624.7580300415
Q9Y5X1,66592,42438.8570877056
Q9Y5X3,46816,60031.1560730077
Q9Y5Y0,59863,20478.0744378197
Q9Y5Y2,28825,48678.2302119023
Q9Y5Z4,22875,74340.0332845236
Q9Y605,14650,31344.0790654372
Q9Y606,47470,60662.6276032026
Q9Y613,126551,30660.7533221593
Q9Y617,40423,185497.959099952
Q9Y619,32736,17876.8507531027
Q9Y624,32583,70062.5224370721
Q9Y639,44387,74933.3334217508
Q9Y672,58181,36600.0116751029
Q9Y673,36946,64256.1509154151
Q9Y676,29396,60575.2400346934
Q9Y678,97718,74472.5799907918
Q9Y679,53028,54552.4351862293
Q9Y696,28772,105188.830490968
Q9Y697,50196,53250.2405700211
Q9Y6A5,90360,39420.343328992
Q9Y6A9,11805,58699.2772720958
Q9Y6B6,22410,95389.6927672407
Q9Y6C9,33331,97033.5669302862
Q9Y6D9,83067,41745.2034130908
Q9Y6E0,49308,25945.0214187838
Q9Y6E2,48162,156215.221348254
Q9Y6G9,56579,91429.5066238949
Q9Y6I3,60293,47134.4306377156
Q9Y6I9,34189,53954.8856326878
Q9Y6M1,66121,41488.5034199305
Q9Y6M5,55300,28251.5239710343
Q9Y6M7,136044,36577.0451113097
Q9Y6M9,21831,69552.7266423462
Q9Y6W5,54284,61477.8764573542
Q9Y6X4,74955,24700.9422711834
Q9Y6Y0,71729,38081.2550688839
Q9Y6Y8,111076,71461.1962525018
